product_id,product_name,category,brand,unit_price,status,created_date
P00001,T-Shirt 1,Fashion,BrandC,unknown,discontinued,2025-02-15
P00002,Bedsheet 2,Home,BrandC,unknown,active,2024-04-20
P00003,Bedsheet 3,Home,BrandD,30753.26,active,2024-10-23
P00004,Oil 4,Grocery,BrandB,68176.44,active,2024-03-07
P00005,Oil 5,,BrandC,51796.39,active,2024-12-12
P00006,Chair 6,Home,BrandC,10740.11,discontinued,2025-06-17
P00007,Jeans 7,Fashion,BrandC,26020.02,active,2024-04-19
P00008,Chair 8,Home,BrandB,8710.16,active,2023-03-23
P00009,Cream 9,Beauty,BrandA,71925.36,discontinued,2023-02-22
P00010,Chair 10,Home,BrandD,25422.83,discontinued,2025-12-02
P00011,Jacket 11,Fashion,BrandA,26601.15,active,2025-06-29
P00012,Tea 12,Grocery,BrandB,23734.04,active,2023-08-27
P00013,Mixer 13,Home,BrandB,67005.44,active,2024-10-31
P00014,Sneakers 14,Fashion,BrandA,24907.63,active,2023-03-20
P00015,Coffee 15,Grocery,BrandC,83918.53,active,2023-03-14
P00016,Keyboard 16,Electronics,BrandD,12387.77,active,2024-02-05
P00017,Bedsheet 17,Home,BrandB,13696.86,discontinued,2024-08-01
P00018,Jeans 18,Fashion,BrandA,57158.76,active,2023-01-07
P00019,Coffee 19,Grocery,BrandB,44202.95,active,2023-03-21
P00020,Oil 20,Grocery,BrandB,55234.97,active,2025-09-18
P00021,Cream 21,Beauty,BrandC,85893.82,active,2024-08-21
P00022,Tea 22,Grocery,BrandD,71723.42,active,2025-09-12
P00023,Mixer 23,Home,BrandC,19766.23,discontinued,2025-07-04
P00024,Chair 24,Home,BrandA,59644.64,active,2025-08-09
P00025,Mixer 25,Home,BrandD,31334.27,active,2025-09-17
P00026,Tea 26,Grocery,BrandA,61875.0,active,2024-07-02
P00027,Shampoo 27,Beauty,BrandD,80091.77,active,2024-10-23
P00028,Lamp 28,Home,BrandD,37057.72,discontinued,2025-03-27
P00029,Mixer 29,Home,BrandB,24207.09,active,2023-04-04
P00030,Bedsheet 30,Home,BrandB,36930.25,active,2023-08-14
P00031,Cream 31,Beauty,BrandA,29725.2,active,2025-02-15
P00032,Speaker 32,Electronics,BrandC,30049.26,active,2023-04-11
P00033,Shampoo 33,Beauty,BrandB,32639.83,active,2026-01-02
P00034,Rice 34,Grocery,BrandB,26173.66,active,2024-11-09
P00035,Rice 35,Grocery,BrandB,49801.37,active,2023-03-15
P00036,Laptop 36,Electronics,BrandD,9298.66,discontinued,2023-03-28
P00037,Sneakers 37,Fashion,BrandB,27187.86,active,2023-03-11
P00038,Mixer 38,Home,BrandD,73184.59,discontinued,2023-09-26
P00039,Mixer 39,Home,BrandD,6961.32,active,2023-01-31
P00040,Cream 40,Beauty,BrandA,82714.19,discontinued,2024-02-02
P00041,Perfume 41,Beauty,BrandD,70646.68,active,2024-09-10
P00042,Bedsheet 42,Home,BrandC,18303.79,discontinued,2025-02-10
P00043,Bedsheet 43,Home,BrandD,8448.17,active,2025-09-16
P00044,Chair 44,Home,BrandD,34466.16,discontinued,2025-02-02
P00045,Cream 45,Beauty,BrandB,9818.72,active,2025-03-24
P00046,Jacket 46,Fashion,BrandA,33334.36,active,2024-11-11
P00047,T-Shirt 47,Fashion,BrandB,8657.38,active,2025-09-30
P00048,Shampoo 48,Beauty,BrandD,7623.28,discontinued,2025-12-07
P00049,Shampoo 49,Beauty,BrandD,5379.25,active,2025-04-23
P00050,Lamp 50,Home,BrandA,75102.36,active,2025-04-12
P00051,Mouse 51,Electronics,BrandD,62160.53,discontinued,2024-10-03
P00052,Sneakers 52,Fashion,BrandD,41566.57,active,2023-08-04
P00053,Coffee 53,Grocery,BrandA,33861.69,active,2025-11-30
P00054,Keyboard 54,Electronics,BrandA,17827.3,active,2025-05-18
P00055,Rice 55,Grocery,BrandD,56384.75,active,2025-05-06
P00056,Coffee 56,Grocery,BrandD,26763.85,active,2024-07-09
P00057,Perfume 57,Beauty,BrandC,55389.84,active,2023-10-17
P00058,Chair 58,Home,BrandC,72269.01,active,2025-08-24
P00059,Rice 59,Grocery,BrandB,84263.33,active,2025-12-09
P00060,Coffee 60,Grocery,BrandB,28646.51,active,2025-08-21
P00061,Headphones 61,Electronics,BrandB,28120.7,active,2023-07-12
P00062,Perfume 62,Beauty,BrandA,29846.68,discontinued,2023-11-17
P00063,Mouse 63,Electronics,BrandB,57300.01,active,2023-01-29
P00064,Sneakers 64,Fashion,BrandD,25634.15,active,2025-01-22
P00065,Perfume 65,Beauty,BrandB,84092.97,active,2023-11-09
P00066,Speaker 66,Electronics,BrandB,19542.42,active,2023-07-29
P00067,Jacket 67,Fashion,BrandC,unknown,discontinued,2024-03-04
P00068,T-Shirt 68,Fashion,BrandB,70520.17,active,2023-10-28
P00069,Jeans 69,Fashion,BrandA,42833.72,active,2023-06-09
P00070,Keyboard 70,Electronics,BrandD,46092.54,discontinued,2025-08-24
P00071,Lamp 71,Home,BrandA,45073.73,active,2025-03-16
P00072,Tea 72,Grocery,BrandC,63585.51,active,2025-12-05
P00073,Mixer 73,Home,BrandB,79505.04,active,2024-07-22
P00074,Jacket 74,Fashion,BrandD,50478.89,active,2023-09-04
P00075,Perfume 75,Beauty,BrandB,58716.12,active,2025-01-18
P00076,Oil 76,Grocery,BrandB,65585.96,active,2025-02-22
P00077,Chair 77,Home,BrandA,83992.66,active,2025-06-24
P00078,Chair 78,Home,BrandC,584.86,active,2023-07-12
P00079,Lamp 79,Home,BrandA,45291.18,active,2023-03-10
P00080,Bedsheet 80,Home,BrandC,35894.6,active,2023-04-28
P00081,Shampoo 81,Beauty,BrandD,77697.62,discontinued,2025-10-01
P00082,Jacket 82,Fashion,BrandA,67514.24,active,2025-01-26
P00083,Laptop 83,Electronics,BrandB,80492.32,active,2023-09-27
P00084,Smartphone 84,Electronics,BrandA,75079.07,active,2025-06-27
P00085,Mouse 85,Electronics,BrandC,8844.99,active,2023-02-04
P00086,Lamp 86,Home,BrandB,80804.46,active,2025-11-23
P00087,Speaker 87,Electronics,BrandA,36333.32,active,2024-01-31
P00088,Shampoo 88,Beauty,BrandA,65627.82,active,2025-06-27
P00089,Mouse 89,Electronics,BrandD,54798.93,active,2023-01-07
P00090,Lamp 90,Home,BrandA,50485.5,active,2025-08-12
P00091,Cream 91,Beauty,BrandD,7821.68,active,2023-08-27
P00092,Keyboard 92,Electronics,BrandB,65681.17,active,2023-02-11
P00093,T-Shirt 93,Fashion,BrandC,19639.92,discontinued,2023-06-16
P00094,Sneakers 94,Fashion,BrandB,75370.76,active,2024-09-27
P00095,Smartphone 95,Electronics,BrandB,63555.78,active,2023-10-15
P00096,Perfume 96,Beauty,BrandB,37305.33,active,2024-02-13
P00097,Sneakers 97,Fashion,BrandD,23401.12,active,2023-07-09
P00098,Oil 98,Grocery,BrandC,52116.36,discontinued,2023-12-16
P00099,Laptop 99,Electronics,BrandB,34760.41,discontinued,2024-12-11
P00100,Chair 100,Home,BrandC,30848.93,active,2025-11-17
P00101,Sneakers 101,Fashion,BrandC,19705.48,active,2023-08-25
P00102,Cream 102,Beauty,BrandD,56829.74,active,2025-08-14
P00103,Perfume 103,Beauty,BrandD,33555.66,active,2024-10-22
P00104,Speaker 104,Electronics,BrandA,32350.86,active,2025-05-13
P00105,Oil 105,Grocery,BrandA,30353.53,active,2025-01-03
P00106,Chair 106,Home,BrandB,42058.36,active,2025-06-18
P00107,Perfume 107,Beauty,BrandD,53454.24,discontinued,2025-08-27
P00108,Sneakers 108,Fashion,BrandC,65125.65,discontinued,2025-04-01
P00109,Mixer 109,Home,BrandB,87371.25,active,2025-05-12
P00110,Oil 110,Grocery,BrandD,85862.06,active,2023-12-02
P00111,Shampoo 111,Beauty,BrandB,83018.04,active,2023-09-24
P00112,Mixer 112,Home,BrandC,87331.64,active,2024-12-09
P00113,Tea 113,Grocery,BrandA,14947.56,active,2024-02-15
P00114,Sneakers 114,Fashion,BrandB,unknown,active,2024-02-21
P00115,Coffee 115,Grocery,BrandB,65194.16,active,2023-01-11
P00116,Rice 116,Grocery,BrandD,31076.49,discontinued,2024-03-11
P00117,Tea 117,Grocery,BrandB,74834.72,active,2025-03-04
P00118,Sneakers 118,Fashion,BrandB,68692.94,discontinued,2024-10-31
P00119,Bedsheet 119,Home,BrandA,53756.74,active,2025-09-27
P00120,Shampoo 120,Beauty,BrandB,20014.73,active,2025-01-25
P00121,Lamp 121,Home,BrandA,45170.92,discontinued,2023-06-08
P00122,Jeans 122,Fashion,BrandA,45035.48,active,2024-09-10
P00123,Coffee 123,Grocery,BrandB,30615.63,discontinued,2023-11-05
P00124,Lamp 124,Home,BrandD,34862.45,active,2024-06-18
P00125,Rice 125,Grocery,BrandA,14785.78,discontinued,2023-06-19
P00126,Mixer 126,Home,BrandD,59055.7,active,2023-11-26
P00127,Chair 127,Home,BrandD,51755.42,discontinued,2023-01-24
P00128,Tea 128,Grocery,BrandA,38067.34,active,2025-05-20
P00129,Mixer 129,Home,BrandD,54358.95,active,2025-08-27
P00130,Lamp 130,Home,BrandB,10121.56,discontinued,2025-12-24
P00131,Coffee 131,Grocery,BrandC,13602.82,active,2024-02-09
P00132,Cream 132,Beauty,BrandD,65508.38,discontinued,2023-04-10
P00133,Oil 133,Grocery,BrandD,3662.81,discontinued,2025-01-21
P00134,Laptop 134,Electronics,BrandC,unknown,discontinued,2024-11-22
P00135,Mixer 135,Home,BrandB,48883.94,active,2024-12-31
P00136,Coffee 136,Grocery,BrandC,40253.57,active,2023-08-17
P00137,Mixer 137,Home,BrandD,47851.67,active,2023-12-25
P00138,Laptop 138,Electronics,BrandB,8583.97,discontinued,2025-06-01
P00139,Lamp 139,Home,BrandB,87469.0,discontinued,2023-03-25
P00140,Mouse 140,Electronics,BrandB,33601.76,active,2025-02-21
P00141,Cream 141,Beauty,BrandC,7162.54,discontinued,2025-03-31
P00142,Keyboard 142,Electronics,BrandC,85536.27,active,2025-06-06
P00143,Keyboard 143,Electronics,BrandC,51414.89,active,2023-04-11
P00144,Bedsheet 144,Home,BrandD,19431.62,active,2024-01-16
P00145,Mixer 145,Home,BrandB,54447.66,active,2024-07-12
P00146,Smartphone 146,Electronics,BrandD,18705.7,active,2024-07-16
P00147,Bedsheet 147,Home,BrandC,53949.22,active,2024-03-29
P00148,T-Shirt 148,Fashion,BrandB,63834.05,active,2024-08-12
P00149,Perfume 149,Beauty,BrandC,52945.24,discontinued,2025-09-01
P00150,Shampoo 150,Beauty,BrandC,30918.13,active,2025-06-29
P00151,Jacket 151,Fashion,BrandD,76903.69,active,2025-12-26
P00152,Jacket 152,Fashion,BrandA,23071.88,active,2025-09-23
P00153,Perfume 153,Beauty,BrandC,7551.63,active,2024-08-20
P00154,Bedsheet 154,Home,BrandA,60731.16,active,2023-12-08
P00155,Perfume 155,Beauty,BrandD,50875.13,active,2024-08-04
P00156,Cream 156,Beauty,BrandB,44208.86,discontinued,2026-01-05
P00157,Jacket 157,Fashion,BrandA,54672.39,active,2025-03-21
P00158,Jeans 158,Fashion,BrandC,89292.41,active,2023-11-22
P00159,Tea 159,Grocery,BrandB,31734.05,discontinued,2024-07-25
P00160,Lamp 160,Home,BrandC,56754.39,discontinued,2024-04-06
P00161,Tea 161,Grocery,BrandC,68133.99,discontinued,2023-11-18
P00162,Jacket 162,,BrandC,26013.63,discontinued,2023-12-19
P00163,Smartphone 163,Electronics,BrandD,52247.79,discontinued,2025-04-20
P00164,T-Shirt 164,Fashion,BrandB,55729.33,active,2025-04-17
P00165,Mouse 165,Electronics,BrandB,54914.34,discontinued,2023-07-06
P00166,Mixer 166,Home,BrandD,66887.45,active,2023-11-27
P00167,Oil 167,Grocery,BrandB,65097.56,active,2025-08-25
P00168,Sneakers 168,Fashion,BrandA,unknown,active,2024-02-28
P00169,Perfume 169,Beauty,BrandD,41370.63,active,2023-12-29
P00170,Coffee 170,Grocery,BrandC,72347.53,active,2024-05-16
P00171,Coffee 171,Grocery,BrandA,698.95,discontinued,2025-11-30
P00172,Tea 172,Grocery,BrandD,6407.28,active,2026-01-05
P00173,Speaker 173,Electronics,BrandA,69911.56,discontinued,2025-09-11
P00174,Mouse 174,Electronics,BrandA,73064.68,active,2025-03-29
P00175,Cream 175,Beauty,BrandD,58494.71,active,2023-08-01
P00176,Sneakers 176,Fashion,BrandA,68234.0,active,2025-01-20
P00177,Oil 177,Grocery,BrandB,12844.15,discontinued,2024-03-06
P00178,Mixer 178,Home,BrandA,unknown,discontinued,2025-10-03
P00179,Sneakers 179,Fashion,BrandD,30872.47,active,2025-07-11
P00180,Lamp 180,Home,BrandB,53530.98,active,2025-12-04
P00181,Mixer 181,Home,BrandC,19954.26,active,2024-08-19
P00182,Chair 182,Home,BrandC,51122.18,discontinued,2025-06-19
P00183,Chair 183,Home,BrandB,66956.49,active,2024-08-21
P00184,Oil 184,Grocery,BrandA,57337.67,active,2024-09-12
P00185,T-Shirt 185,Fashion,BrandD,23407.15,discontinued,2023-12-15
P00186,Chair 186,Home,BrandC,52875.22,active,2025-02-13
P00187,Rice 187,Grocery,BrandD,78380.74,active,2025-09-18
P00188,Coffee 188,Grocery,BrandA,60213.53,active,2024-04-05
P00189,Chair 189,Home,BrandC,20249.95,active,2024-02-08
P00190,Bedsheet 190,Home,BrandA,41382.21,active,2024-02-19
P00191,Mixer 191,Home,BrandA,35912.33,active,2025-11-05
P00192,Mouse 192,Electronics,BrandA,49831.34,active,2025-07-03
P00193,Cream 193,Beauty,BrandC,22377.64,active,2024-05-16
P00194,Jacket 194,Fashion,BrandC,16034.57,active,2023-07-07
P00195,T-Shirt 195,Fashion,BrandB,81560.2,active,2023-05-05
P00196,Jeans 196,Fashion,BrandD,22015.14,discontinued,2023-07-21
P00197,Shampoo 197,Beauty,BrandA,28751.74,active,2025-09-06
P00198,Smartphone 198,Electronics,BrandB,7578.09,active,2024-03-16
P00199,Perfume 199,Beauty,BrandA,27052.49,discontinued,2023-08-17
P00200,Rice 200,Grocery,BrandD,53037.26,active,2024-05-30
P00201,Oil 201,,BrandB,44375.05,active,2025-11-04
P00202,Oil 202,Grocery,BrandC,85633.1,active,2025-12-25
P00203,Sneakers 203,Fashion,BrandC,24833.93,discontinued,2023-08-17
P00204,Jacket 204,Fashion,BrandD,666.03,discontinued,2023-12-01
P00205,T-Shirt 205,Fashion,BrandC,unknown,active,2025-06-26
P00206,Chair 206,Home,BrandA,17488.11,active,2024-03-12
P00207,Lamp 207,Home,BrandD,28855.83,active,2024-09-06
P00208,Shampoo 208,Beauty,BrandB,51425.08,active,2023-11-17
P00209,Jacket 209,Fashion,BrandB,70740.14,active,2024-10-28
P00210,Perfume 210,Beauty,BrandD,58841.88,active,2024-04-13
P00211,Bedsheet 211,Home,BrandC,84094.95,active,2023-10-24
P00212,Lamp 212,Home,BrandC,65425.73,discontinued,2024-09-22
P00213,Tea 213,Grocery,BrandA,68661.56,discontinued,2023-04-24
P00214,Oil 214,Grocery,BrandB,58149.68,discontinued,2024-07-15
P00215,Speaker 215,Electronics,BrandC,18263.0,active,2025-02-03
P00216,Mouse 216,Electronics,BrandD,38520.65,active,2024-02-13
P00217,Jacket 217,Fashion,BrandA,77087.8,active,2024-05-12
P00218,Sneakers 218,Fashion,BrandD,65078.6,active,2025-03-09
P00219,Rice 219,Grocery,BrandD,25270.42,active,2023-07-27
P00220,Speaker 220,Electronics,BrandC,30894.86,discontinued,2024-08-05
P00221,Smartphone 221,Electronics,BrandA,12154.88,active,2025-04-27
P00222,Jeans 222,Fashion,BrandB,53115.56,active,2025-06-16
P00223,Sneakers 223,Fashion,BrandC,51580.17,active,2023-02-14
P00224,T-Shirt 224,Fashion,BrandC,78375.62,active,2025-07-02
P00225,Jeans 225,Fashion,BrandB,28968.34,discontinued,2025-01-11
P00226,Chair 226,Home,BrandC,61015.98,active,2023-02-17
P00227,T-Shirt 227,Fashion,BrandD,57830.24,discontinued,2025-09-23
P00228,Laptop 228,Electronics,BrandC,5500.95,active,2025-06-14
P00229,Laptop 229,Electronics,BrandC,78587.43,discontinued,2024-08-01
P00230,Perfume 230,Beauty,BrandA,57122.9,active,2023-08-19
P00231,Shampoo 231,Beauty,BrandA,71889.3,discontinued,2024-01-26
P00232,Speaker 232,Electronics,BrandC,38830.73,discontinued,2025-07-13
P00233,Sneakers 233,Fashion,BrandC,6646.48,discontinued,2025-12-16
P00234,Coffee 234,Grocery,BrandC,36179.83,active,2025-03-09
P00235,Headphones 235,Electronics,BrandD,20332.68,active,2024-06-14
P00236,Sneakers 236,Fashion,BrandB,47950.2,active,2023-11-09
P00237,Jeans 237,Fashion,BrandB,18616.48,active,2023-02-23
P00238,Cream 238,Beauty,BrandA,85008.97,active,2024-12-14
P00239,Mouse 239,Electronics,BrandB,78360.4,active,2024-02-18
P00240,Chair 240,Home,BrandC,38231.58,active,2024-03-20
P00241,Mixer 241,Home,BrandD,12427.11,active,2025-02-07
P00242,Smartphone 242,Electronics,BrandB,78088.55,discontinued,2023-04-11
P00243,Tea 243,Grocery,BrandB,35974.1,discontinued,2023-09-13
P00244,Keyboard 244,Electronics,BrandA,45642.76,active,2024-03-05
P00245,Smartphone 245,Electronics,BrandC,66678.53,active,2025-04-30
P00246,Jeans 246,Fashion,BrandC,88664.88,discontinued,2024-06-06
P00247,Shampoo 247,Beauty,BrandA,85045.12,active,2025-02-17
P00248,Tea 248,,BrandA,86544.26,active,2025-01-08
P00249,Mixer 249,Home,BrandC,39118.67,active,2023-06-22
P00250,Tea 250,Grocery,BrandC,1505.23,active,2023-04-03
P00251,Jeans 251,Fashion,BrandA,16028.07,active,2025-11-28
P00252,Jeans 252,Fashion,BrandA,62580.71,active,2024-03-05
P00253,Lamp 253,Home,BrandB,55610.55,discontinued,2023-12-20
P00254,Jeans 254,Fashion,BrandB,66797.64,active,2023-08-13
P00255,T-Shirt 255,Fashion,BrandC,44820.18,discontinued,2025-02-03
P00256,Lamp 256,Home,BrandA,2640.76,active,2023-02-28
P00257,Coffee 257,Grocery,BrandB,66166.78,discontinued,2023-04-06
P00258,Perfume 258,Beauty,BrandB,68644.21,active,2023-07-25
P00259,Mouse 259,Electronics,BrandA,80755.21,discontinued,2023-05-16
P00260,Smartphone 260,Electronics,BrandD,41841.84,discontinued,2023-10-03
P00261,Cream 261,Beauty,BrandD,unknown,discontinued,2024-06-10
P00262,Sneakers 262,,BrandC,59101.17,active,2025-09-05
P00263,Rice 263,Grocery,BrandB,11394.9,active,2024-04-06
P00264,Speaker 264,Electronics,BrandD,8603.44,active,2023-08-04
P00265,Jeans 265,Fashion,BrandC,22620.31,active,2025-08-04
P00266,Cream 266,Beauty,BrandC,46560.04,active,2024-11-02
P00267,Oil 267,Grocery,BrandA,59535.27,discontinued,2023-04-09
P00268,Jeans 268,Fashion,BrandA,1367.81,active,2023-11-28
P00269,Oil 269,Grocery,BrandD,1133.19,discontinued,2024-12-05
P00270,Jacket 270,Fashion,BrandB,40733.2,discontinued,2024-06-22
P00271,Perfume 271,Beauty,BrandC,10674.3,active,2024-11-21
P00272,Sneakers 272,Fashion,BrandD,30741.19,discontinued,2023-07-17
P00273,Lamp 273,Home,BrandC,5755.55,discontinued,2023-02-22
P00274,Shampoo 274,Beauty,BrandD,8584.95,active,2023-09-04
P00275,Cream 275,Beauty,BrandC,26670.55,active,2025-07-15
P00276,Coffee 276,Grocery,BrandB,86969.03,discontinued,2025-11-12
P00277,Jeans 277,Fashion,BrandB,75613.95,active,2024-02-11
P00278,Chair 278,Home,BrandA,50694.44,active,2024-04-16
P00279,Shampoo 279,Beauty,BrandA,33752.53,active,2024-04-08
P00280,Jacket 280,Fashion,BrandC,77257.9,active,2025-03-31
P00281,Bedsheet 281,Home,BrandD,81094.02,discontinued,2025-08-16
P00282,Chair 282,Home,BrandC,64961.56,active,2023-06-03
P00283,Lamp 283,Home,BrandA,18851.23,active,2025-04-20
P00284,Jeans 284,Fashion,BrandB,43325.42,active,2025-03-12
P00285,Jacket 285,Fashion,BrandB,35238.69,active,2024-12-18
P00286,Keyboard 286,Electronics,BrandC,86705.09,active,2025-04-02
P00287,Speaker 287,Electronics,BrandB,66589.78,active,2025-06-27
P00288,Sneakers 288,Fashion,BrandA,68471.77,active,2025-12-02
P00289,Mixer 289,Home,BrandD,69467.49,active,2025-06-16
P00290,Mixer 290,Home,BrandD,48750.05,active,2023-05-25
P00291,Lamp 291,Home,BrandA,85457.95,discontinued,2024-06-07
P00292,Speaker 292,Electronics,BrandB,42029.99,discontinued,2024-08-19
P00293,T-Shirt 293,Fashion,BrandC,8044.48,active,2025-10-09
P00294,Tea 294,Grocery,BrandA,5174.19,active,2024-07-18
P00295,Lamp 295,Home,BrandC,37814.51,active,2023-06-20
P00296,Headphones 296,Electronics,BrandD,64201.56,active,2025-10-10
P00297,Jacket 297,Fashion,BrandA,59933.31,discontinued,2025-02-08
P00298,Cream 298,Beauty,BrandD,78345.78,active,2023-08-09
P00299,Cream 299,Beauty,BrandA,85870.11,active,2024-05-03
P00300,Bedsheet 300,Home,BrandA,73390.3,active,2025-06-20
P00301,Coffee 301,Grocery,BrandD,84622.51,active,2024-03-18
P00302,Shampoo 302,Beauty,BrandC,2251.07,active,2024-08-21
P00303,Coffee 303,Grocery,BrandC,65636.84,active,2024-12-05
P00304,Chair 304,Home,BrandA,24954.79,active,2025-07-27
P00305,Chair 305,Home,BrandC,18907.54,discontinued,2024-12-14
P00306,Jacket 306,Fashion,BrandC,77109.64,active,2024-04-11
P00307,Lamp 307,Home,BrandA,9188.73,discontinued,2024-10-02
P00308,Perfume 308,Beauty,BrandD,57581.59,active,2024-06-26
P00309,Oil 309,Grocery,BrandD,30383.15,active,2023-11-23
P00310,Sneakers 310,Fashion,BrandB,1512.19,active,2025-11-02
P00311,Perfume 311,Beauty,BrandB,68128.81,discontinued,2023-06-05
P00312,T-Shirt 312,Fashion,BrandD,8221.56,active,2023-10-26
P00313,Lamp 313,Home,BrandD,35756.37,active,2024-08-24
P00314,Cream 314,Beauty,BrandC,87369.41,active,2025-06-25
P00315,Keyboard 315,Electronics,BrandC,49355.01,active,2025-10-09
P00316,Jeans 316,Fashion,BrandB,22142.03,discontinued,2024-03-18
P00317,T-Shirt 317,Fashion,BrandA,26767.64,discontinued,2025-06-17
P00318,Rice 318,Grocery,BrandD,37156.14,discontinued,2024-06-19
P00319,Lamp 319,Home,BrandC,38863.82,active,2024-10-17
P00320,Perfume 320,Beauty,BrandB,7007.48,active,2024-05-20
P00321,Cream 321,Beauty,BrandD,11658.52,active,2023-08-03
P00322,Shampoo 322,Beauty,BrandB,64831.95,discontinued,2024-07-05
P00323,Shampoo 323,Beauty,BrandD,41464.68,discontinued,2025-06-12
P00324,Keyboard 324,Electronics,BrandD,2068.6,active,2024-12-12
P00325,Rice 325,Grocery,BrandC,5814.81,active,2024-07-19
P00326,Perfume 326,Beauty,BrandA,85265.81,discontinued,2025-06-01
P00327,Jacket 327,Fashion,BrandD,19431.16,active,2024-09-15
P00328,Chair 328,Home,BrandD,51321.57,active,2024-10-06
P00329,Laptop 329,Electronics,BrandC,4843.15,active,2023-05-26
P00330,Shampoo 330,Beauty,BrandB,47717.1,active,2024-05-24
P00331,Shampoo 331,Beauty,BrandA,75229.69,discontinued,2023-09-02
P00332,Mixer 332,Home,BrandD,8547.0,discontinued,2025-04-14
P00333,Tea 333,Grocery,BrandC,12534.77,active,2023-07-16
P00334,Lamp 334,Home,BrandD,16032.79,active,2025-10-20
P00335,Keyboard 335,Electronics,BrandB,23504.66,active,2024-12-20
P00336,Mouse 336,Electronics,BrandA,40699.34,active,2023-02-11
P00337,Shampoo 337,Beauty,BrandA,88382.35,active,2023-07-15
P00338,T-Shirt 338,Fashion,BrandA,unknown,active,2024-10-31
P00339,Oil 339,Grocery,BrandC,2566.61,active,2023-12-20
P00340,Jacket 340,Fashion,BrandB,16426.26,active,2023-07-18
P00341,Sneakers 341,Fashion,BrandD,51692.73,active,2025-11-05
P00342,Jacket 342,Fashion,BrandA,2808.32,active,2024-09-30
P00343,Mixer 343,Home,BrandB,31466.94,active,2023-07-24
P00344,Rice 344,Grocery,BrandC,54347.02,discontinued,2025-03-07
P00345,Coffee 345,Grocery,BrandA,60209.96,active,2024-05-19
P00346,Chair 346,Home,BrandD,21611.47,active,2025-04-07
P00347,Mouse 347,Electronics,BrandD,5351.49,active,2025-11-30
P00348,Speaker 348,Electronics,BrandD,58959.99,active,2024-08-01
P00349,Chair 349,Home,BrandB,40355.58,active,2025-05-23
P00350,Tea 350,Grocery,BrandD,33985.86,active,2025-10-03
P00351,Mouse 351,Electronics,BrandD,50547.87,active,2025-10-16
P00352,Mixer 352,Home,BrandA,47517.31,active,2023-07-02
P00353,Chair 353,Home,BrandA,57712.64,active,2023-04-07
P00354,Bedsheet 354,Home,BrandA,17006.45,discontinued,2025-11-07
P00355,Shampoo 355,Beauty,BrandA,45826.4,active,2023-07-22
P00356,Rice 356,,BrandC,80320.66,active,2024-02-21
P00357,Rice 357,Grocery,BrandA,51437.39,active,2025-02-20
P00358,T-Shirt 358,Fashion,BrandA,83194.16,active,2024-11-08
P00359,Jacket 359,Fashion,BrandC,74405.37,discontinued,2023-04-02
P00360,Jeans 360,Fashion,BrandC,53919.75,discontinued,2024-09-26
P00361,Sneakers 361,Fashion,BrandA,36875.57,discontinued,2025-04-27
P00362,Oil 362,Grocery,BrandB,75849.67,discontinued,2024-06-03
P00363,Shampoo 363,Beauty,BrandD,56418.22,active,2025-07-08
P00364,Jeans 364,Fashion,BrandA,6421.55,active,2023-11-22
P00365,Coffee 365,Grocery,BrandC,16567.6,active,2024-06-09
P00366,Oil 366,Grocery,BrandC,48300.51,active,2023-08-11
P00367,Smartphone 367,Electronics,BrandB,74073.14,active,2025-10-16
P00368,Jeans 368,Fashion,BrandA,46678.84,discontinued,2025-09-07
P00369,Headphones 369,Electronics,BrandD,20639.77,active,2023-06-21
P00370,Keyboard 370,Electronics,BrandC,39280.5,discontinued,2023-10-20
P00371,Coffee 371,Grocery,BrandB,59685.88,active,2024-10-13
P00372,Laptop 372,Electronics,BrandB,1357.87,active,2024-05-28
P00373,Sneakers 373,Fashion,BrandA,41626.23,discontinued,2025-02-17
P00374,Sneakers 374,Fashion,BrandB,45543.07,active,2024-02-03
P00375,Bedsheet 375,Home,BrandD,2355.85,active,2024-05-18
P00376,Cream 376,Beauty,BrandB,25959.56,active,2024-10-12
P00377,Headphones 377,Electronics,BrandD,61653.87,active,2023-12-14
P00378,Lamp 378,Home,BrandA,3535.63,active,2023-01-13
P00379,Coffee 379,Grocery,BrandD,50679.03,active,2024-04-04
P00380,Laptop 380,Electronics,BrandA,49138.78,discontinued,2025-03-01
P00381,Bedsheet 381,Home,BrandB,40514.44,discontinued,2024-05-27
P00382,Bedsheet 382,Home,BrandB,43163.29,discontinued,2026-01-03
P00383,Chair 383,Home,BrandB,13065.11,discontinued,2024-06-10
P00384,Sneakers 384,Fashion,BrandD,66621.3,active,2023-10-22
P00385,Smartphone 385,Electronics,BrandB,36980.6,discontinued,2023-09-14
P00386,Chair 386,Home,BrandD,84773.95,discontinued,2025-08-01
P00387,Tea 387,Grocery,BrandD,85717.48,active,2024-11-22
P00388,Bedsheet 388,Home,BrandB,12049.67,active,2024-03-20
P00389,Jeans 389,,BrandC,85324.61,discontinued,2025-04-16
P00390,Lamp 390,Home,BrandB,19279.15,discontinued,2023-08-11
P00391,Cream 391,Beauty,BrandD,40752.6,active,2024-02-13
P00392,Sneakers 392,Fashion,BrandB,49688.24,discontinued,2025-11-25
P00393,Rice 393,Grocery,BrandA,84892.48,active,2025-03-01
P00394,Cream 394,Beauty,BrandB,15576.88,discontinued,2024-02-10
P00395,Jacket 395,Fashion,BrandB,28538.84,active,2025-09-23
P00396,Mixer 396,Home,BrandA,60882.95,active,2023-02-13
P00397,Headphones 397,Electronics,BrandA,unknown,active,2024-12-31
P00398,Jeans 398,Fashion,BrandC,86219.46,active,2025-01-13
P00399,Perfume 399,Beauty,BrandD,52543.69,discontinued,2024-11-24
P00400,Sneakers 400,Fashion,BrandB,27347.38,active,2023-12-01
P00401,Coffee 401,Grocery,BrandD,47944.88,active,2025-08-19
P00402,Chair 402,Home,BrandB,87853.14,discontinued,2023-07-18
P00403,Keyboard 403,Electronics,BrandD,79230.44,discontinued,2025-09-03
P00404,T-Shirt 404,Fashion,BrandC,52788.89,discontinued,2024-01-08
P00405,Coffee 405,Grocery,BrandC,87329.08,active,2023-06-24
P00406,Mixer 406,Home,BrandC,16017.01,discontinued,2023-11-03
P00407,Speaker 407,Electronics,BrandC,17806.09,active,2023-06-20
P00408,Bedsheet 408,Home,BrandD,1514.72,active,2025-01-17
P00409,Chair 409,Home,BrandA,46246.98,discontinued,2024-10-14
P00410,T-Shirt 410,Fashion,BrandC,58474.51,active,2025-07-08
P00411,Oil 411,Grocery,BrandD,3717.78,active,2024-11-12
P00412,Shampoo 412,Beauty,BrandA,11828.04,active,2024-09-11
P00413,Rice 413,Grocery,BrandD,81415.77,discontinued,2023-03-15
P00414,Bedsheet 414,Home,BrandD,30260.29,discontinued,2024-12-01
P00415,Sneakers 415,Fashion,BrandB,64743.01,discontinued,2024-07-30
P00416,Mixer 416,Home,BrandA,82209.09,active,2025-11-08
P00417,Headphones 417,Electronics,BrandA,72983.1,active,2023-06-02
P00418,Sneakers 418,Fashion,BrandB,5921.13,active,2023-06-04
P00419,Speaker 419,Electronics,BrandC,1289.17,active,2023-11-16
P00420,Cream 420,Beauty,BrandD,86910.74,active,2023-08-05
P00421,Shampoo 421,Beauty,BrandB,5130.48,active,2023-06-16
P00422,T-Shirt 422,Fashion,BrandA,64665.44,active,2025-06-05
P00423,Jeans 423,Fashion,BrandA,4575.88,discontinued,2024-10-18
P00424,Shampoo 424,Beauty,BrandB,42885.89,discontinued,2024-01-17
P00425,Oil 425,Grocery,BrandA,65862.3,discontinued,2024-01-14
P00426,Shampoo 426,Beauty,BrandB,7233.88,active,2023-10-22
P00427,Cream 427,Beauty,BrandA,87547.32,active,2024-01-21
P00428,Sneakers 428,Fashion,BrandB,68085.26,active,2025-03-19
P00429,Perfume 429,Beauty,BrandC,54171.73,active,2025-05-23
P00430,Lamp 430,Home,BrandA,66211.05,active,2024-07-30
P00431,T-Shirt 431,Fashion,BrandD,5620.83,active,2023-05-04
P00432,Perfume 432,Beauty,BrandD,7269.25,active,2023-06-30
P00433,Lamp 433,Home,BrandA,62850.99,active,2024-10-15
P00434,Oil 434,Grocery,BrandD,66817.96,active,2025-10-20
P00435,Bedsheet 435,Home,BrandB,28267.64,active,2023-12-16
P00436,Speaker 436,Electronics,BrandD,31812.32,discontinued,2024-10-26
P00437,Tea 437,Grocery,BrandD,78191.92,discontinued,2023-11-09
P00438,Jacket 438,Fashion,BrandA,37810.18,active,2024-10-10
P00439,Rice 439,Grocery,BrandA,35995.69,discontinued,2023-12-20
P00440,Jeans 440,Fashion,BrandA,19592.08,discontinued,2025-08-25
P00441,Sneakers 441,Fashion,BrandA,30411.38,discontinued,2025-03-14
P00442,Sneakers 442,Fashion,BrandC,74693.65,active,2024-01-25
P00443,Tea 443,Grocery,BrandB,39002.43,discontinued,2023-05-03
P00444,Mixer 444,Home,BrandC,6096.19,discontinued,2024-08-15
P00445,Jeans 445,Fashion,BrandD,46727.14,active,2025-05-02
P00446,Coffee 446,Grocery,BrandB,86120.56,active,2024-09-28
P00447,Perfume 447,Beauty,BrandB,55077.48,active,2024-11-29
P00448,Chair 448,Home,BrandD,33311.51,active,2023-02-06
P00449,Oil 449,Grocery,BrandB,37576.69,active,2024-04-23
P00450,Bedsheet 450,Home,BrandC,70829.61,active,2024-02-03
P00451,Sneakers 451,Fashion,BrandB,70361.03,active,2024-05-25
P00452,Tea 452,Grocery,BrandC,80158.89,active,2025-02-25
P00453,Sneakers 453,Fashion,BrandD,7391.19,discontinued,2024-06-28
P00454,Smartphone 454,Electronics,BrandB,35110.72,active,2023-10-21
P00455,Mixer 455,Home,BrandB,42679.32,active,2024-11-01
P00456,Bedsheet 456,,BrandC,50604.06,active,2025-09-19
P00457,Chair 457,Home,BrandB,74186.35,active,2024-08-28
P00458,Speaker 458,Electronics,BrandC,79638.67,active,2025-02-09
P00459,Coffee 459,Grocery,BrandB,26892.08,active,2024-08-29
P00460,Headphones 460,Electronics,BrandD,58675.02,active,2025-01-24
P00461,Rice 461,Grocery,BrandD,40245.92,active,2025-06-28
P00462,Mixer 462,Home,BrandD,84326.32,active,2024-02-10
P00463,Perfume 463,Beauty,BrandB,25685.87,active,2023-02-04
P00464,Headphones 464,Electronics,BrandD,78106.97,active,2023-10-18
P00465,Bedsheet 465,Home,BrandD,49547.43,active,2025-03-21
P00466,Sneakers 466,Fashion,BrandA,55208.34,active,2024-10-25
P00467,Cream 467,Beauty,BrandA,3621.18,active,2025-10-14
P00468,Headphones 468,Electronics,BrandA,12660.84,active,2024-04-26
P00469,Mouse 469,Electronics,BrandC,87510.96,active,2025-04-25
P00470,Mixer 470,Home,BrandA,44361.62,discontinued,2025-03-21
P00471,T-Shirt 471,Fashion,BrandD,73307.62,active,2023-08-25
P00472,Chair 472,Home,BrandA,21594.74,active,2024-04-06
P00473,Coffee 473,Grocery,BrandB,3872.45,active,2023-10-09
P00474,Perfume 474,Beauty,BrandD,29119.69,active,2025-11-10
P00475,Bedsheet 475,Home,BrandD,2194.3,active,2023-03-24
P00476,T-Shirt 476,Fashion,BrandD,18858.59,active,2024-12-16
P00477,Laptop 477,Electronics,BrandB,79357.69,discontinued,2024-03-11
P00478,T-Shirt 478,Fashion,BrandC,82374.84,active,2025-02-05
P00479,Perfume 479,Beauty,BrandB,14454.91,active,2024-11-16
P00480,Sneakers 480,Fashion,BrandD,80821.7,active,2024-08-07
P00481,Coffee 481,Grocery,BrandD,40143.27,active,2024-01-14
P00482,Headphones 482,,BrandA,34919.69,active,2024-02-14
P00483,Cream 483,Beauty,BrandB,67274.79,active,2025-01-09
P00484,Coffee 484,Grocery,BrandB,58332.88,active,2024-03-20
P00485,Shampoo 485,Beauty,BrandB,27946.35,active,2024-11-14
P00486,Jacket 486,Fashion,BrandD,85215.81,active,2025-07-26
P00487,Rice 487,Grocery,BrandD,82880.04,active,2024-05-23
P00488,Laptop 488,Electronics,BrandA,9724.96,active,2023-04-13
P00489,Mouse 489,Electronics,BrandC,83719.94,discontinued,2025-02-20
P00490,Shampoo 490,Beauty,BrandC,8823.16,active,2024-01-26
P00491,Oil 491,Grocery,BrandD,6922.87,active,2024-09-01
P00492,Headphones 492,Electronics,BrandC,27240.35,discontinued,2024-02-24
P00493,Speaker 493,Electronics,BrandA,67003.91,discontinued,2023-12-24
P00494,Headphones 494,Electronics,BrandB,7821.69,discontinued,2024-07-13
P00495,Mixer 495,Home,BrandD,63282.68,active,2023-11-10
P00496,T-Shirt 496,Fashion,BrandD,35826.7,active,2023-03-18
P00497,Tea 497,Grocery,BrandD,74754.17,active,2023-01-28
P00498,Shampoo 498,Beauty,BrandC,59122.37,active,2025-09-08
P00499,Sneakers 499,Fashion,BrandC,2275.21,active,2024-04-25
P00500,Coffee 500,Grocery,BrandA,89625.7,discontinued,2025-09-27
P00501,T-Shirt 501,Fashion,BrandA,25843.62,active,2025-07-23
P00502,Rice 502,Grocery,BrandC,33644.21,active,2024-10-18
P00503,Bedsheet 503,Home,BrandD,15722.73,active,2025-08-15
P00504,Lamp 504,Home,BrandD,13355.18,discontinued,2025-01-07
P00505,Coffee 505,Grocery,BrandB,54225.5,active,2025-01-04
P00506,Tea 506,Grocery,BrandB,67853.0,active,2024-12-04
P00507,Cream 507,Beauty,BrandC,13122.94,active,2023-10-13
P00508,Jacket 508,Fashion,BrandD,7430.37,active,2025-10-23
P00509,Shampoo 509,Beauty,BrandA,46799.63,active,2023-12-04
P00510,Sneakers 510,Fashion,BrandC,44067.06,active,2025-03-19
P00511,Cream 511,Beauty,BrandB,73756.93,active,2025-04-15
P00512,Keyboard 512,Electronics,BrandD,57671.0,active,2024-01-21
P00513,Laptop 513,Electronics,BrandD,72010.17,active,2023-05-28
P00514,Chair 514,Home,BrandC,68041.59,active,2023-07-17
P00515,T-Shirt 515,Fashion,BrandC,1538.5,active,2024-02-29
P00516,T-Shirt 516,Fashion,BrandD,6106.6,active,2025-05-14
P00517,Bedsheet 517,Home,BrandC,1030.32,active,2025-03-05
P00518,Chair 518,Home,BrandD,27396.49,active,2025-10-03
P00519,Smartphone 519,Electronics,BrandA,28821.3,active,2025-08-27
P00520,Coffee 520,Grocery,BrandC,38089.33,discontinued,2023-02-25
P00521,Coffee 521,Grocery,BrandA,86652.12,discontinued,2024-05-31
P00522,Shampoo 522,Beauty,BrandA,7540.18,discontinued,2025-02-16
P00523,Chair 523,Home,BrandD,54356.5,active,2024-10-23
P00524,Bedsheet 524,Home,BrandD,19552.66,active,2023-01-22
P00525,T-Shirt 525,Fashion,BrandD,84203.59,active,2025-10-25
P00526,Jacket 526,Fashion,BrandD,24784.72,active,2024-06-02
P00527,Shampoo 527,Beauty,BrandD,62863.63,active,2025-07-14
P00528,Chair 528,Home,BrandC,3660.3,discontinued,2023-08-13
P00529,T-Shirt 529,Fashion,BrandD,17985.15,active,2023-01-12
P00530,Rice 530,Grocery,BrandA,69539.84,active,2024-01-10
P00531,Sneakers 531,Fashion,BrandD,77911.66,active,2025-06-29
P00532,Headphones 532,Electronics,BrandB,14865.84,active,2025-06-16
P00533,Oil 533,Grocery,BrandD,71506.81,active,2025-12-11
P00534,Mixer 534,Home,BrandA,37722.72,active,2025-06-12
P00535,Cream 535,Beauty,BrandA,38049.19,active,2024-06-22
P00536,Bedsheet 536,Home,BrandB,36167.32,active,2023-09-05
P00537,Keyboard 537,Electronics,BrandB,7847.07,active,2025-07-02
P00538,Perfume 538,Beauty,BrandD,50198.57,active,2024-01-15
P00539,Perfume 539,Beauty,BrandA,10497.22,active,2024-02-19
P00540,Sneakers 540,Fashion,BrandD,12058.68,active,2025-01-31
P00541,Laptop 541,Electronics,BrandA,70944.79,active,2025-12-22
P00542,Mouse 542,Electronics,BrandB,79244.19,active,2024-05-14
P00543,Rice 543,Grocery,BrandD,17044.94,discontinued,2025-09-07
P00544,T-Shirt 544,Fashion,BrandA,15583.82,active,2023-09-18
P00545,Shampoo 545,Beauty,BrandA,77517.8,discontinued,2025-11-17
P00546,Laptop 546,Electronics,BrandD,14892.77,active,2024-04-06
P00547,Bedsheet 547,Home,BrandD,5445.8,active,2024-10-18
P00548,Coffee 548,Grocery,BrandC,17399.1,discontinued,2025-07-10
P00549,Shampoo 549,Beauty,BrandB,67394.88,discontinued,2025-11-09
P00550,Rice 550,Grocery,BrandC,21781.35,discontinued,2023-06-03
P00551,Coffee 551,Grocery,BrandA,37605.09,active,2023-03-23
P00552,Lamp 552,Home,BrandD,35442.6,active,2024-09-13
P00553,Cream 553,Beauty,BrandC,29491.73,discontinued,2025-11-13
P00554,Tea 554,Grocery,BrandB,68187.0,discontinued,2024-11-21
P00555,Speaker 555,Electronics,BrandC,44111.62,active,2024-05-30
P00556,Lamp 556,Home,BrandB,78737.66,active,2024-10-25
P00557,Jeans 557,Fashion,BrandC,unknown,active,2024-11-17
P00558,Cream 558,Beauty,BrandC,37085.61,discontinued,2024-01-21
P00559,Shampoo 559,Beauty,BrandC,72217.82,active,2025-01-10
P00560,Cream 560,Beauty,BrandD,28957.13,active,2023-08-29
P00561,Chair 561,Home,BrandC,18579.59,active,2025-10-14
P00562,Chair 562,Home,BrandC,35295.39,discontinued,2026-01-05
P00563,Chair 563,Home,BrandA,22984.94,active,2023-09-12
P00564,Tea 564,Grocery,BrandB,373.78,active,2025-10-10
P00565,Oil 565,Grocery,BrandD,46039.77,active,2024-06-28
P00566,Smartphone 566,Electronics,BrandD,56559.9,active,2025-09-02
P00567,Tea 567,Grocery,BrandB,28237.73,active,2023-09-09
P00568,Mixer 568,Home,BrandA,3769.83,active,2023-08-09
P00569,Cream 569,Beauty,BrandA,24215.81,discontinued,2024-02-24
P00570,Speaker 570,Electronics,BrandA,51025.74,active,2024-11-22
P00571,Cream 571,,BrandD,25003.47,active,2024-04-17
P00572,Sneakers 572,Fashion,BrandC,83512.41,active,2023-11-07
P00573,Laptop 573,Electronics,BrandB,52604.07,active,2025-02-23
P00574,T-Shirt 574,Fashion,BrandA,85906.24,active,2025-09-22
P00575,Headphones 575,Electronics,BrandD,22217.67,active,2024-05-10
P00576,Rice 576,Grocery,BrandB,80278.32,active,2023-08-08
P00577,Keyboard 577,Electronics,BrandD,60430.85,discontinued,2025-07-02
P00578,Jeans 578,Fashion,BrandA,9104.97,discontinued,2025-06-28
P00579,Rice 579,Grocery,BrandD,66545.66,discontinued,2023-02-17
P00580,Perfume 580,Beauty,BrandD,18525.18,discontinued,2025-12-09
P00581,Lamp 581,Home,BrandD,1942.77,discontinued,2024-02-25
P00582,Chair 582,Home,BrandD,63334.8,active,2025-04-07
P00583,Jeans 583,Fashion,BrandD,unknown,active,2024-05-24
P00584,Chair 584,Home,BrandD,unknown,active,2024-05-14
P00585,Smartphone 585,Electronics,BrandA,64199.22,discontinued,2024-12-07
P00586,Bedsheet 586,Home,BrandD,1922.83,discontinued,2025-05-18
P00587,Smartphone 587,Electronics,BrandB,23002.92,active,2025-01-20
P00588,Bedsheet 588,Home,BrandB,14296.19,active,2023-03-16
P00589,Oil 589,Grocery,BrandB,4394.23,active,2023-11-22
P00590,Laptop 590,Electronics,BrandA,62602.53,active,2023-06-12
P00591,Perfume 591,Beauty,BrandC,40822.83,active,2025-06-11
P00592,Chair 592,Home,BrandC,20679.65,active,2025-12-02
P00593,Keyboard 593,Electronics,BrandA,78473.17,active,2024-08-13
P00594,Perfume 594,Beauty,BrandB,84786.09,active,2023-02-05
P00595,T-Shirt 595,Fashion,BrandA,6139.0,active,2024-01-02
P00596,Shampoo 596,Beauty,BrandC,70133.01,active,2023-11-09
P00597,Shampoo 597,Beauty,BrandA,22168.54,active,2023-12-18
P00598,Mixer 598,Home,BrandA,45122.1,discontinued,2023-10-04
P00599,T-Shirt 599,Fashion,BrandB,42258.49,active,2025-01-22
P00600,Perfume 600,Beauty,BrandD,41659.48,active,2023-08-14
P00601,Jeans 601,Fashion,BrandA,57641.04,active,2025-02-11
P00602,T-Shirt 602,Fashion,BrandD,25905.25,discontinued,2025-04-07
P00603,Perfume 603,Beauty,BrandC,86592.47,discontinued,2024-05-29
P00604,Perfume 604,Beauty,BrandD,15087.25,active,2023-03-16
P00605,T-Shirt 605,Fashion,BrandC,54013.86,active,2023-08-25
P00606,Perfume 606,Beauty,BrandC,34480.9,active,2023-02-18
P00607,Bedsheet 607,Home,BrandA,17947.36,active,2025-06-10
P00608,Jacket 608,Fashion,BrandB,77878.53,active,2025-03-22
P00609,Jeans 609,Fashion,BrandB,1552.71,discontinued,2024-06-01
P00610,Tea 610,Grocery,BrandD,42014.11,active,2024-02-24
P00611,Rice 611,Grocery,BrandA,37468.74,active,2023-10-26
P00612,Mouse 612,Electronics,BrandC,33713.28,discontinued,2025-03-02
P00613,Coffee 613,Grocery,BrandC,53873.42,discontinued,2023-03-24
P00614,Coffee 614,Grocery,BrandB,31775.22,active,2025-11-03
P00615,T-Shirt 615,Fashion,BrandB,89289.59,active,2023-05-03
P00616,Laptop 616,Electronics,BrandC,19744.95,active,2025-07-07
P00617,Oil 617,Grocery,BrandD,71882.12,active,2024-10-30
P00618,Lamp 618,Home,BrandA,4658.4,discontinued,2025-09-25
P00619,Coffee 619,Grocery,BrandA,59995.5,active,2025-02-12
P00620,Bedsheet 620,Home,BrandC,65851.97,active,2023-10-19
P00621,T-Shirt 621,,BrandC,55549.34,discontinued,2024-03-27
P00622,Headphones 622,Electronics,BrandB,27317.69,active,2025-05-06
P00623,Shampoo 623,Beauty,BrandB,37629.61,discontinued,2024-06-06
P00624,T-Shirt 624,Fashion,BrandB,89193.1,active,2024-06-27
P00625,Coffee 625,Grocery,BrandB,19780.97,discontinued,2023-08-22
P00626,Speaker 626,Electronics,BrandC,41407.8,active,2025-08-18
P00627,Lamp 627,Home,BrandC,56866.69,active,2025-12-01
P00628,Chair 628,Home,BrandA,20419.8,discontinued,2025-09-16
P00629,Lamp 629,Home,BrandC,84599.41,discontinued,2025-04-08
P00630,Laptop 630,Electronics,BrandC,27086.8,active,2023-10-31
P00631,Shampoo 631,Beauty,BrandB,76016.38,active,2025-08-08
P00632,T-Shirt 632,Fashion,BrandC,62788.56,discontinued,2025-03-29
P00633,Oil 633,Grocery,BrandB,26973.68,active,2025-09-12
P00634,Mouse 634,Electronics,BrandA,unknown,discontinued,2025-04-11
P00635,Rice 635,Grocery,BrandA,37326.92,active,2025-01-28
P00636,Mouse 636,Electronics,BrandD,21272.55,discontinued,2024-03-14
P00637,Tea 637,Grocery,BrandC,76462.55,active,2023-12-04
P00638,Chair 638,Home,BrandD,53850.56,active,2023-07-26
P00639,Headphones 639,Electronics,BrandA,71673.79,active,2025-05-27
P00640,Coffee 640,Grocery,BrandB,84098.93,active,2023-01-05
P00641,Rice 641,Grocery,BrandC,3019.0,active,2025-01-01
P00642,Shampoo 642,Beauty,BrandC,3715.45,active,2023-07-24
P00643,Laptop 643,Electronics,BrandA,7484.53,active,2024-01-29
P00644,Jacket 644,Fashion,BrandD,74191.25,active,2024-07-01
P00645,Perfume 645,Beauty,BrandA,unknown,active,2023-10-11
P00646,Smartphone 646,Electronics,BrandC,54586.6,active,2025-11-20
P00647,Smartphone 647,Electronics,BrandC,54615.0,active,2025-03-16
P00648,Chair 648,Home,BrandD,62566.2,active,2025-11-08
P00649,Lamp 649,Home,BrandD,58841.77,discontinued,2024-04-26
P00650,Lamp 650,Home,BrandD,19012.41,active,2023-11-14
P00651,Headphones 651,Electronics,BrandA,5362.63,active,2023-08-09
P00652,Rice 652,Grocery,BrandA,13507.47,active,2024-11-12
P00653,Chair 653,Home,BrandD,64700.15,discontinued,2023-09-09
P00654,Cream 654,Beauty,BrandB,52923.36,discontinued,2023-03-11
P00655,Chair 655,Home,BrandC,35220.22,active,2023-04-11
P00656,Mouse 656,Electronics,BrandD,35109.15,discontinued,2025-03-25
P00657,Bedsheet 657,Home,BrandC,12030.66,discontinued,2024-10-06
P00658,Cream 658,Beauty,BrandB,unknown,active,2025-05-01
P00659,Smartphone 659,Electronics,BrandC,78806.84,active,2023-03-28
P00660,Jeans 660,Fashion,BrandD,46189.57,active,2024-02-19
P00661,Jacket 661,Fashion,BrandA,3537.34,active,2024-12-03
P00662,Perfume 662,Beauty,BrandA,30399.21,discontinued,2025-10-23
P00663,Jeans 663,Fashion,BrandC,13370.7,discontinued,2025-12-18
P00664,Cream 664,Beauty,BrandB,83397.91,discontinued,2023-03-22
P00665,Oil 665,Grocery,BrandD,48528.2,active,2024-08-05
P00666,Mixer 666,Home,BrandA,36707.68,discontinued,2025-05-04
P00667,Rice 667,,BrandB,83084.21,discontinued,2024-06-26
P00668,Mixer 668,Home,BrandC,73520.93,discontinued,2024-06-27
P00669,Laptop 669,Electronics,BrandB,20691.54,discontinued,2024-05-04
P00670,Coffee 670,Grocery,BrandA,38746.57,active,2026-01-01
P00671,Perfume 671,Beauty,BrandC,1549.6,active,2025-10-14
P00672,Shampoo 672,Beauty,BrandC,48105.37,active,2024-04-25
P00673,Oil 673,Grocery,BrandB,16017.13,active,2025-05-29
P00674,Mouse 674,Electronics,BrandD,58244.12,active,2023-07-23
P00675,Sneakers 675,Fashion,BrandC,15278.52,active,2025-05-01
P00676,Jacket 676,Fashion,BrandB,18432.07,active,2023-07-19
P00677,Lamp 677,Home,BrandA,89809.83,active,2023-11-15
P00678,Headphones 678,Electronics,BrandA,85826.41,active,2024-01-02
P00679,Smartphone 679,Electronics,BrandD,30430.68,active,2025-09-12
P00680,Perfume 680,Beauty,BrandC,70711.89,active,2024-12-24
P00681,Jacket 681,Fashion,BrandC,72609.64,active,2023-06-26
P00682,Keyboard 682,Electronics,BrandB,13191.5,active,2025-09-07
P00683,Mixer 683,Home,BrandD,30669.06,discontinued,2023-08-01
P00684,Perfume 684,Beauty,BrandB,19175.41,discontinued,2023-05-18
P00685,Jacket 685,Fashion,BrandD,50206.6,discontinued,2024-10-21
P00686,Chair 686,Home,BrandA,81005.35,discontinued,2024-01-21
P00687,Laptop 687,Electronics,BrandC,32039.5,active,2025-05-01
P00688,Mouse 688,Electronics,BrandA,77591.66,active,2023-07-16
P00689,Cream 689,Beauty,BrandA,50562.19,active,2025-08-27
P00690,Oil 690,Grocery,BrandA,10848.19,active,2024-05-18
P00691,Bedsheet 691,Home,BrandA,26467.14,active,2024-09-06
P00692,Sneakers 692,Fashion,BrandB,73427.15,active,2024-11-27
P00693,Coffee 693,Grocery,BrandC,87763.65,active,2025-10-17
P00694,Lamp 694,Home,BrandA,unknown,active,2024-11-02
P00695,T-Shirt 695,Fashion,BrandA,78265.88,active,2023-08-21
P00696,Mouse 696,Electronics,BrandC,69138.45,active,2024-01-10
P00697,Shampoo 697,Beauty,BrandA,52433.96,active,2023-04-11
P00698,Lamp 698,Home,BrandA,75744.73,active,2024-09-01
P00699,Smartphone 699,Electronics,BrandA,67726.99,active,2025-05-10
P00700,Speaker 700,Electronics,BrandA,30047.33,active,2023-05-21
P00701,Laptop 701,Electronics,BrandD,440.53,active,2025-08-18
P00702,Bedsheet 702,Home,BrandC,48813.44,active,2024-05-22
P00703,Mouse 703,Electronics,BrandA,15220.71,active,2025-08-21
P00704,Jeans 704,Fashion,BrandB,15309.71,discontinued,2023-01-11
P00705,Perfume 705,Beauty,BrandB,51936.03,discontinued,2024-05-02
P00706,Smartphone 706,Electronics,BrandD,19053.8,active,2025-12-16
P00707,Lamp 707,Home,BrandD,12328.05,active,2024-07-05
P00708,T-Shirt 708,Fashion,BrandC,63644.84,discontinued,2023-01-03
P00709,Smartphone 709,Electronics,BrandC,53199.1,active,2024-01-13
P00710,Shampoo 710,Beauty,BrandB,87048.32,active,2023-03-24
P00711,Jeans 711,Fashion,BrandA,67059.62,discontinued,2023-09-30
P00712,Sneakers 712,Fashion,BrandA,86349.23,active,2023-08-15
P00713,Smartphone 713,Electronics,BrandB,9697.27,discontinued,2023-10-23
P00714,T-Shirt 714,Fashion,BrandC,78202.6,discontinued,2025-02-14
P00715,Cream 715,Beauty,BrandB,24813.81,active,2024-02-28
P00716,Oil 716,Grocery,BrandB,16985.02,discontinued,2025-09-28
P00717,Bedsheet 717,Home,BrandA,4480.09,discontinued,2025-08-07
P00718,T-Shirt 718,Fashion,BrandA,70342.87,discontinued,2025-12-09
P00719,Chair 719,Home,BrandC,37253.32,active,2024-08-03
P00720,Chair 720,Home,BrandA,38399.61,discontinued,2025-12-20
P00721,Laptop 721,Electronics,BrandC,40942.26,active,2025-07-09
P00722,Sneakers 722,Fashion,BrandD,75564.96,active,2023-11-25
P00723,Rice 723,Grocery,BrandB,39476.59,active,2024-04-25
P00724,Tea 724,,BrandB,19761.05,active,2024-07-02
P00725,Lamp 725,Home,BrandC,62116.51,active,2025-04-06
P00726,Headphones 726,Electronics,BrandA,51078.66,active,2024-08-02
P00727,Chair 727,Home,BrandB,68215.7,discontinued,2025-12-18
P00728,Keyboard 728,Electronics,BrandC,86279.25,discontinued,2024-11-29
P00729,Smartphone 729,Electronics,BrandA,17472.25,active,2025-05-20
P00730,Lamp 730,Home,BrandD,unknown,active,2023-07-16
P00731,Tea 731,Grocery,BrandB,56245.76,active,2023-04-04
P00732,Lamp 732,Home,BrandB,42466.83,active,2025-10-06
P00733,Jacket 733,Fashion,BrandA,86178.56,active,2023-07-31
P00734,Shampoo 734,Beauty,BrandA,20878.89,active,2025-08-14
P00735,Coffee 735,Grocery,BrandD,9307.16,active,2024-03-28
P00736,Jeans 736,Fashion,BrandA,33429.26,active,2023-01-24
P00737,Perfume 737,Beauty,BrandC,10895.35,discontinued,2024-03-04
P00738,Mouse 738,Electronics,BrandA,83127.16,active,2024-05-27
P00739,Cream 739,Beauty,BrandB,67197.88,active,2025-09-01
P00740,Chair 740,Home,BrandA,59184.15,discontinued,2024-03-19
P00741,Oil 741,Grocery,BrandB,9080.41,active,2023-01-01
P00742,Oil 742,Grocery,BrandD,84124.16,active,2023-02-25
P00743,Speaker 743,Electronics,BrandC,51487.64,active,2023-12-19
P00744,Jeans 744,Fashion,BrandB,66393.75,active,2024-03-04
P00745,Jeans 745,Fashion,BrandA,26606.4,discontinued,2024-04-07
P00746,Shampoo 746,Beauty,BrandB,2911.66,active,2024-09-05
P00747,Rice 747,Grocery,BrandB,61937.51,discontinued,2025-02-13
P00748,Keyboard 748,Electronics,BrandB,33758.25,discontinued,2023-08-11
P00749,Keyboard 749,Electronics,BrandB,19123.72,discontinued,2023-08-11
P00750,Rice 750,Grocery,BrandB,62995.9,active,2025-12-01
P00751,Cream 751,Beauty,BrandC,47815.45,discontinued,2023-11-19
P00752,Cream 752,,BrandB,59473.65,discontinued,2025-05-20
P00753,Jacket 753,Fashion,BrandC,25183.45,active,2023-02-11
P00754,Jacket 754,Fashion,BrandD,26654.44,active,2023-08-25
P00755,T-Shirt 755,Fashion,BrandA,20738.03,discontinued,2025-03-19
P00756,Cream 756,Beauty,BrandB,66406.1,active,2025-11-26
P00757,Jeans 757,Fashion,BrandB,71920.95,active,2025-11-07
P00758,Cream 758,Beauty,BrandB,79607.14,active,2024-11-25
P00759,Cream 759,Beauty,BrandC,8490.8,active,2023-10-06
P00760,T-Shirt 760,,BrandB,38540.65,active,2024-03-27
P00761,Laptop 761,Electronics,BrandD,13372.17,active,2025-05-14
P00762,Shampoo 762,Beauty,BrandC,66417.68,discontinued,2023-12-04
P00763,Lamp 763,Home,BrandA,2774.01,active,2023-02-19
P00764,Headphones 764,Electronics,BrandA,29078.9,active,2024-01-25
P00765,Coffee 765,Grocery,BrandC,39553.0,active,2023-02-22
P00766,Sneakers 766,Fashion,BrandA,28210.93,active,2024-08-21
P00767,Chair 767,Home,BrandB,7726.84,discontinued,2024-08-11
P00768,Coffee 768,Grocery,BrandC,unknown,active,2024-10-05
P00769,Tea 769,Grocery,BrandD,3711.25,discontinued,2023-02-23
P00770,Laptop 770,Electronics,BrandC,4472.87,active,2025-02-12
P00771,Lamp 771,Home,BrandC,8054.87,active,2025-04-09
P00772,Coffee 772,Grocery,BrandB,21283.3,active,2025-11-13
P00773,Sneakers 773,Fashion,BrandA,33311.4,active,2024-09-27
P00774,Jacket 774,Fashion,BrandA,65685.6,discontinued,2023-04-19
P00775,Rice 775,Grocery,BrandD,21695.86,active,2023-02-04
P00776,Cream 776,Beauty,BrandB,85783.24,active,2023-05-13
P00777,Mouse 777,Electronics,BrandA,72195.28,discontinued,2024-06-01
P00778,Shampoo 778,Beauty,BrandA,80127.23,active,2024-06-13
P00779,Jacket 779,Fashion,BrandB,44900.37,active,2025-02-13
P00780,T-Shirt 780,Fashion,BrandB,36021.81,active,2023-05-15
P00781,Jacket 781,Fashion,BrandC,55747.2,active,2025-12-04
P00782,Cream 782,Beauty,BrandC,60281.01,discontinued,2024-09-01
P00783,T-Shirt 783,Fashion,BrandD,21905.04,active,2025-01-24
P00784,Perfume 784,Beauty,BrandC,19311.58,active,2023-06-18
P00785,Coffee 785,Grocery,BrandC,73997.56,discontinued,2023-11-17
P00786,Lamp 786,Home,BrandA,68208.61,active,2025-04-05
P00787,Sneakers 787,Fashion,BrandB,30646.57,active,2024-01-28
P00788,Speaker 788,Electronics,BrandD,7687.85,active,2025-04-22
P00789,Lamp 789,Home,BrandA,46207.17,active,2023-08-12
P00790,Chair 790,Home,BrandB,50083.64,active,2024-11-10
P00791,Jacket 791,Fashion,BrandA,54939.76,active,2023-03-18
P00792,Mixer 792,Home,BrandC,89381.89,active,2024-02-24
P00793,Jeans 793,Fashion,BrandC,87278.29,active,2025-12-13
P00794,Lamp 794,Home,BrandA,79522.54,discontinued,2024-03-30
P00795,T-Shirt 795,Fashion,BrandD,8177.98,discontinued,2023-09-11
P00796,Shampoo 796,Beauty,BrandB,54612.57,active,2023-07-07
P00797,Jacket 797,Fashion,BrandD,19573.06,active,2024-04-07
P00798,Smartphone 798,Electronics,BrandA,76944.83,active,2025-10-31
P00799,Oil 799,Grocery,BrandA,89228.66,discontinued,2025-10-22
P00800,Coffee 800,Grocery,BrandB,1039.62,active,2023-02-24
P00016,Keyboard 16,Electronics,BrandD,12387.77,active,2024-02-05
P00147,Bedsheet 147,Home,BrandC,53949.22,active,2024-03-29
P00542,Mouse 542,Electronics,BrandB,79244.19,active,2024-05-14
P00448,Chair 448,Home,BrandD,33311.51,active,2023-02-06
P00110,Oil 110,Grocery,BrandD,85862.06,active,2023-12-02
P00722,Sneakers 722,Fashion,BrandD,75564.96,active,2023-11-25
P00173,Speaker 173,Electronics,BrandA,69911.56,discontinued,2025-09-11
P00689,Cream 689,Beauty,BrandA,50562.19,active,2025-08-27
P00021,Cream 21,Beauty,BrandC,85893.82,active,2024-08-21
P00274,Shampoo 274,Beauty,BrandD,8584.95,active,2023-09-04
P00258,Perfume 258,Beauty,BrandB,68644.21,active,2023-07-25
P00559,Shampoo 559,Beauty,BrandC,72217.82,active,2025-01-10
P00366,Oil 366,Grocery,BrandC,48300.51,active,2023-08-11
P00602,T-Shirt 602,Fashion,BrandD,25905.25,discontinued,2025-04-07
P00412,Shampoo 412,Beauty,BrandA,11828.04,active,2024-09-11
P00440,Jeans 440,Fashion,BrandA,19592.08,discontinued,2025-08-25
P00214,Oil 214,Grocery,BrandB,58149.68,discontinued,2024-07-15
P00579,Rice 579,Grocery,BrandD,66545.66,discontinued,2023-02-17
P00336,Mouse 336,Electronics,BrandA,40699.34,active,2023-02-11
P00533,Oil 533,Grocery,BrandD,71506.81,active,2025-12-11
P00066,Speaker 66,Electronics,BrandB,19542.42,active,2023-07-29
P00184,Oil 184,Grocery,BrandA,57337.67,active,2024-09-12
P00237,Jeans 237,Fashion,BrandB,18616.48,active,2023-02-23
P00280,Jacket 280,Fashion,BrandC,77257.9,active,2025-03-31
P00227,T-Shirt 227,Fashion,BrandD,57830.24,discontinued,2025-09-23
P00647,Smartphone 647,Electronics,BrandC,54615.0,active,2025-03-16
P00305,Chair 305,Home,BrandC,18907.54,discontinued,2024-12-14
P00594,Perfume 594,Beauty,BrandB,84786.09,active,2023-02-05
P00566,Smartphone 566,Electronics,BrandD,56559.9,active,2025-09-02
P00316,Jeans 316,Fashion,BrandB,22142.03,discontinued,2024-03-18
