order_id,customer_id,order_date,status,region_code
ORD00001,CUST0132,2024-10-01 10:36:21,RETURNED,EAST
ORD00002,CUST0126,2024-08-13 03:55:01,RETURNED,NORTH
ORD00003,CUST0173,2026-05-17 17:58:36,DELIVERED,WEST
ORD00004,CUST0509,2024-02-28 19:10:46,DELIVERED,WEST
ORD00005,CUST0177,2025-12-01 10:59:24,SHIPPED,SOUTH
ORD00006,CUST0282,2025-05-01 17:44:02,DELIVERED,SOUTH
ORD00007,CUST0036,2025-11-30 21:45:37,DELIVERED,WEST
ORD00008,CUST0422,2026-05-05 11:09:41,DELIVERED,NORTH
ORD00009,CUST0287,2025-08-17 23:50:40,SHIPPED,SOUTH
ORD00010,CUST0659,06-12-2025,DELIVERED,CENTRAL
ORD00011,CUST0020,2026-03-03 13:08:25,DELIVERED,EAST
ORD00012,CUST0492,2025-10-20 22:32:51,DELIVERED,EAST
ORD00013,CUST0580,2026-02-19 10:34:41,DELIVERED,EAST
ORD00014,CUST0185,2024-06-04 11:41:52,DELIVERED,SOUTH
ORD00015,CUST0031,2025-03-12 09:55:44,PLACED,WEST
ORD00016,CUST0543,2025-09-01 15:01:55,DELIVERED,SOUTH
ORD00017,CUST0164,2024-11-24 18:38:21,SHIPPED,SOUTH
ORD00018,CUST0273,2026-04-09 01:23:20,CANCELLED,NORTH
ORD00019,CUST0783,2025-03-30 10:07:42,DELIVERED,WEST
ORD00020,CUST0364,2026-06-05 20:14:11,RETURNED,SOUTH
ORD00021,CUST0181,2025-01-02 11:15:55,DELIVERED,EAST
ORD00022,,2024-09-22 21:48:30,DELIVERED,EAST
ORD00023,CUST0582,25-05-2026,SHIPPED,SOUTH
ORD00024,CUST0505,2025-07-11 01:56:06,DELIVERED,WEST
ORD00025,CUST0039,2025-07-18 02:31:10,PLACED,CENTRAL
ORD00026,CUST0225,2024-01-31 22:58:09,DELIVERED,NORTH
ORD00027,CUST0340,2025-11-12 00:18:06,SHIPPED,SOUTH
ORD00028,CUST0349,2026-05-08 20:41:10,SHIPPED,EAST
ORD00029,CUST0061,2024-02-04 00:58:19,SHIPPED,SOUTH
ORD00030,CUST0793,2025-07-17 03:42:34,CANCELLED,EAST
ORD00031,CUST0075,2025-10-09 04:14:12,DELIVERED,WEST
ORD00032,CUST0601,2024-06-05 22:45:08,DELIVERED,EAST
ORD00033,CUST0140,14-09-2024,DELIVERED,WEST
ORD00034,CUST0655,2026-01-26 20:07:59,DELIVERED,SOUTH
ORD00035,CUST0725,2026-03-02 06:00:29,DELIVERED,CENTRAL
ORD00036,CUST0366,2025-03-02 18:53:11,DELIVERED,SOUTH
ORD00037,,2025-04-21 15:11:56,DELIVERED,EAST
ORD00038,CUST0131,2024-10-26 00:43:21,DELIVERED,CENTRAL
ORD00039,CUST0401,2024-06-28 07:18:58,SHIPPED,EAST
ORD00040,CUST0627,2026-01-23 18:53:34,DELIVERED,NORTH
ORD00041,CUST0509,2024-08-19 11:33:53,DELIVERED,NORTH
ORD00042,CUST0244,2026-01-02 09:00:33,RETURNED,SOUTH
ORD00043,CUST0652,2024-10-21 21:58:21,CANCELLED,EAST
ORD00044,CUST0458,2024-02-08 16:51:34,DELIVERED,SOUTH
ORD00045,CUST0710,2025-03-01 15:47:10,DELIVERED,NORTH
ORD00046,CUST0738,2024-02-16 23:45:54,PLACED,WEST
ORD00047,CUST0751,2025-10-13 21:48:22,RETURNED,WEST
ORD00048,CUST0505,2026-03-31 21:23:47,DELIVERED,CENTRAL
ORD00049,CUST0385,2024-06-06 13:31:50,CANCELLED,CENTRAL
ORD00050,CUST0667,2026-03-24 22:41:02,DELIVERED,SOUTH
ORD00051,CUST0463,2025-09-23 15:01:16,DELIVERED,NORTH
ORD00052,CUST0302,2024-02-01 04:33:43,DELIVERED,NORTH
ORD00053,CUST0076,2025-10-27 17:53:00,SHIPPED,WEST
ORD00054,CUST0165,2026-05-19 13:11:27,PLACED,NORTH
ORD00055,,2026-04-29 16:45:57,RETURNED,WEST
ORD00056,CUST0722,2024-02-18 03:30:37,DELIVERED,SOUTH
ORD00057,CUST0622,2025-11-05 12:09:49,SHIPPED,NORTH
ORD00058,CUST0340,29-12-2024,RETURNED,WEST
ORD00059,CUST0714,2026-03-27 00:26:48,DELIVERED,EAST
ORD00060,CUST0244,2025-06-21 12:00:08,PLACED,CENTRAL
ORD00061,CUST0563,2026-02-01 15:52:42,SHIPPED,EAST
ORD00062,CUST0004,2025-10-26 06:18:20,PLACED,CENTRAL
ORD00063,CUST0492,2025-01-26 02:12:29,PLACED,SOUTH
ORD00064,CUST0175,2026-06-04 20:22:05,DELIVERED,NORTH
ORD00065,CUST0485,2024-06-28 10:29:05,DELIVERED,WEST
ORD00066,CUST0483,2026-04-18 22:42:45,CANCELLED,EAST
ORD00067,CUST0094,2025-12-24 13:15:23,DELIVERED,SOUTH
ORD00068,CUST0380,2025-08-15 13:18:26,DELIVERED,WEST
ORD00069,CUST0046,2025-03-05 00:23:06,DELIVERED,EAST
ORD00070,CUST0232,2025-04-07 04:43:00,DELIVERED,SOUTH
ORD00071,CUST0771,17-06-2026,DELIVERED,NORTH
ORD00072,CUST0685,2026-04-17 12:22:04,CANCELLED,WEST
ORD00073,CUST0775,2026-06-24 00:38:55,SHIPPED,NORTH
ORD00074,CUST0397,2026-04-07 16:10:44,DELIVERED,CENTRAL
ORD00075,CUST0704,2026-01-22 14:44:10,DELIVERED,SOUTH
ORD00076,CUST0488,2025-05-17 03:00:25,PLACED,NORTH
ORD00077,CUST0515,2025-12-12 16:18:40,RETURNED,CENTRAL
ORD00078,,2026-03-26 21:21:52,SHIPPED,WEST
ORD00079,CUST0178,2024-10-12 16:21:17,RETURNED,SOUTH
ORD00080,CUST0130,2024-03-07 07:04:22,DELIVERED,WEST
ORD00081,CUST0207,2026-06-28 10:51:08,DELIVERED,CENTRAL
ORD00082,CUST0265,2025-10-26 04:16:52,RETURNED,NORTH
ORD00083,CUST0090,2026-03-06 10:41:33,DELIVERED,CENTRAL
ORD00084,CUST0334,2025-03-05 01:30:46,DELIVERED,NORTH
ORD00085,CUST0718,2026-04-12 23:19:14,DELIVERED,WEST
ORD00086,CUST0116,2025-04-16 21:45:58,SHIPPED,CENTRAL
ORD00087,CUST0603,2026-06-24 03:46:34,DELIVERED,NORTH
ORD00088,CUST0109,2026-05-24 02:22:15,DELIVERED,EAST
ORD00089,CUST0549,2026-04-30 13:05:34,CANCELLED,EAST
ORD00090,,2026-01-24 07:54:47,DELIVERED,WEST
ORD00091,CUST0039,2025-09-19 18:02:08,DELIVERED,SOUTH
ORD00092,,2026-04-11 00:36:06,PLACED,EAST
ORD00093,CUST0708,2025-12-29 06:23:58,PLACED,WEST
ORD00094,CUST0276,2026-06-30 08:56:17,DELIVERED,EAST
ORD00095,CUST0311,2025-08-06 01:01:48,DELIVERED,WEST
ORD00096,CUST0713,2024-06-06 13:48:34,RETURNED,SOUTH
ORD00097,CUST0138,2025-07-12 09:21:41,RETURNED,WEST
ORD00098,CUST0793,27-12-2025,DELIVERED,WEST
ORD00099,CUST0620,2025-09-29 10:00:50,PLACED,WEST
ORD00100,CUST0217,25-11-2025,DELIVERED,CENTRAL
ORD00101,CUST0383,2025-04-08 15:45:08,DELIVERED,SOUTH
ORD00102,CUST0068,2025-06-10 15:45:17,DELIVERED,WEST
ORD00103,CUST0139,2026-03-25 10:48:24,CANCELLED,NORTH
ORD00104,CUST0178,2024-11-21 10:44:31,CANCELLED,SOUTH
ORD00105,CUST0060,2026-03-10 21:25:04,PLACED,NORTH
ORD00106,CUST0370,2024-11-05 07:21:01,DELIVERED,WEST
ORD00107,CUST0518,2025-09-08 15:04:50,DELIVERED,NORTH
ORD00108,CUST0698,16-04-2025,SHIPPED,WEST
ORD00109,CUST0609,2026-04-14 11:58:14,SHIPPED,WEST
ORD00110,CUST0601,2026-05-06 11:12:39,DELIVERED,SOUTH
ORD00111,CUST0265,2026-04-10 20:49:25,CANCELLED,NORTH
ORD00112,CUST0292,2025-09-27 15:51:25,DELIVERED,SOUTH
ORD00113,CUST0586,2026-02-03 17:05:14,RETURNED,SOUTH
ORD00114,CUST0663,2025-06-21 20:23:33,DELIVERED,EAST
ORD00115,CUST0668,2025-10-24 01:46:02,DELIVERED,NORTH
ORD00116,CUST0486,2024-07-24 13:01:36,DELIVERED,CENTRAL
ORD00117,CUST0009,2026-03-01 21:41:16,DELIVERED,EAST
ORD00118,CUST0730,2025-03-03 18:51:24,DELIVERED,WEST
ORD00119,CUST0358,2025-12-14 00:41:11,DELIVERED,WEST
ORD00120,CUST0310,2026-05-09 18:47:15,CANCELLED,WEST
ORD00121,CUST0599,2025-11-08 17:37:04,PLACED,EAST
ORD00122,CUST0575,2026-03-21 18:44:22,DELIVERED,NORTH
ORD00123,CUST0494,2026-01-06 09:30:08,DELIVERED,EAST
ORD00124,CUST0656,2026-02-20 06:29:49,CANCELLED,EAST
ORD00125,CUST0672,2026-04-09 07:44:55,RETURNED,EAST
ORD00126,CUST0193,2024-08-20 21:46:09,DELIVERED,SOUTH
ORD00127,CUST0059,2026-06-22 14:18:00,CANCELLED,CENTRAL
ORD00128,CUST0414,2025-09-18 11:01:11,DELIVERED,NORTH
ORD00129,CUST0672,2025-10-25 07:42:05,RETURNED,EAST
ORD00130,CUST0429,2025-08-15 06:16:12,DELIVERED,NORTH
ORD00131,CUST0598,2026-06-07 15:17:15,CANCELLED,EAST
ORD00132,CUST0744,2024-12-11 10:18:02,DELIVERED,WEST
ORD00133,CUST0688,2025-03-07 10:52:15,DELIVERED,SOUTH
ORD00134,CUST0674,2026-02-05 14:29:52,SHIPPED,NORTH
ORD00135,CUST0483,2025-11-29 16:31:32,DELIVERED,CENTRAL
ORD00136,CUST0782,2026-05-14 20:33:31,SHIPPED,EAST
ORD00137,,2025-11-03 16:20:04,SHIPPED,SOUTH
ORD00138,CUST0763,2025-04-22 00:58:07,DELIVERED,EAST
ORD00139,CUST0381,2025-02-08 18:21:08,DELIVERED,WEST
ORD00140,,2026-03-31 22:52:29,PLACED,CENTRAL
ORD00141,CUST0595,2024-04-20 15:06:54,DELIVERED,SOUTH
ORD00142,CUST0513,2025-07-17 01:31:51,CANCELLED,WEST
ORD00143,CUST0543,2025-07-17 17:45:15,DELIVERED,SOUTH
ORD00144,CUST0141,2024-11-07 03:35:53,DELIVERED,CENTRAL
ORD00145,CUST0469,2024-08-10 11:47:00,DELIVERED,SOUTH
ORD00146,CUST0798,2024-05-05 12:52:11,DELIVERED,SOUTH
ORD00147,CUST0321,2024-03-31 02:54:12,PLACED,EAST
ORD00148,CUST0215,2024-09-18 22:04:41,DELIVERED,SOUTH
ORD00149,CUST0502,2024-05-16 18:25:09,SHIPPED,WEST
ORD00150,,2026-03-14 09:11:39,DELIVERED,WEST
ORD00151,CUST0393,2024-01-08 06:04:41,PLACED,SOUTH
ORD00152,CUST0749,2025-09-17 14:13:42,RETURNED,EAST
ORD00153,CUST0776,2026-03-10 05:35:37,SHIPPED,NORTH
ORD00154,CUST0642,2025-12-16 06:23:57,SHIPPED,EAST
ORD00155,CUST0320,2025-12-18 01:43:19,SHIPPED,CENTRAL
ORD00156,CUST0603,2025-04-20 12:47:52,SHIPPED,NORTH
ORD00157,,2025-02-23 21:25:22,DELIVERED,CENTRAL
ORD00158,CUST0611,2026-03-25 04:31:19,DELIVERED,SOUTH
ORD00159,CUST0351,31-01-2026,DELIVERED,SOUTH
ORD00160,CUST0169,2025-09-18 15:31:50,PLACED,SOUTH
ORD00161,CUST0745,2024-07-22 19:42:21,SHIPPED,NORTH
ORD00162,CUST0604,2026-02-22 22:06:09,SHIPPED,EAST
ORD00163,CUST0729,2026-04-14 15:28:32,DELIVERED,WEST
ORD00164,CUST0656,2026-01-24 08:07:40,DELIVERED,CENTRAL
ORD00165,CUST0050,2024-05-01 12:05:32,DELIVERED,NORTH
ORD00166,CUST0050,2024-08-14 20:57:27,DELIVERED,WEST
ORD00167,CUST0127,2026-03-09 03:41:29,DELIVERED,SOUTH
ORD00168,CUST0211,2024-01-15 10:53:55,DELIVERED,NORTH
ORD00169,CUST0679,2025-12-26 03:16:01,DELIVERED,CENTRAL
ORD00170,,2025-10-06 06:27:24,DELIVERED,NORTH
ORD00171,CUST0524,2026-05-26 03:23:12,DELIVERED,EAST
ORD00172,CUST0117,2026-05-30 12:59:16,SHIPPED,SOUTH
ORD00173,CUST0624,2025-10-18 03:35:54,DELIVERED,CENTRAL
ORD00174,CUST0207,2025-12-30 00:04:23,DELIVERED,EAST
ORD00175,CUST0165,2024-11-27 14:34:32,DELIVERED,SOUTH
ORD00176,CUST0705,2026-01-09 08:13:31,DELIVERED,NORTH
ORD00177,CUST0014,2026-06-02 16:08:56,PLACED,NORTH
ORD00178,CUST0588,2026-03-16 19:44:10,DELIVERED,NORTH
ORD00179,CUST0799,2026-03-05 21:45:29,PLACED,NORTH
ORD00180,CUST0263,2026-05-03 02:49:37,SHIPPED,EAST
ORD00181,CUST0271,2025-12-22 05:30:52,PLACED,SOUTH
ORD00182,CUST0041,2025-03-27 09:07:46,DELIVERED,EAST
ORD00183,CUST0437,2024-06-29 01:06:16,PLACED,NORTH
ORD00184,CUST0010,2024-09-21 23:43:07,DELIVERED,SOUTH
ORD00185,CUST0337,2026-02-23 16:47:37,CANCELLED,CENTRAL
ORD00186,CUST0275,2024-05-24 09:28:34,DELIVERED,EAST
ORD00187,CUST0188,2024-08-22 19:57:52,DELIVERED,WEST
ORD00188,CUST0279,22-08-2025,DELIVERED,WEST
ORD00189,CUST0432,2024-09-20 01:57:42,SHIPPED,NORTH
ORD00190,CUST0164,2024-11-27 13:21:08,DELIVERED,CENTRAL
ORD00191,CUST0495,2026-06-02 19:44:54,DELIVERED,SOUTH
ORD00192,CUST0626,2026-03-13 11:32:01,DELIVERED,CENTRAL
ORD00193,CUST0030,2026-05-22 15:20:10,CANCELLED,SOUTH
ORD00194,CUST0495,2026-01-28 06:32:10,SHIPPED,WEST
ORD00195,CUST0452,2024-03-12 09:58:21,PLACED,EAST
ORD00196,,2026-03-26 06:37:47,DELIVERED,CENTRAL
ORD00197,CUST0742,2026-06-27 17:10:57,SHIPPED,EAST
ORD00198,CUST0532,2025-08-10 23:26:31,DELIVERED,SOUTH
ORD00199,CUST0494,2026-03-02 03:18:33,DELIVERED,WEST
ORD00200,CUST0153,2026-05-17 08:34:54,CANCELLED,CENTRAL
ORD00201,CUST0056,2025-10-18 12:32:16,DELIVERED,SOUTH
ORD00202,CUST0518,2025-12-30 00:21:34,CANCELLED,SOUTH
ORD00203,CUST0077,2026-06-16 22:29:28,DELIVERED,EAST
ORD00204,CUST0285,2025-10-23 13:18:09,DELIVERED,CENTRAL
ORD00205,CUST0659,2026-03-17 02:18:58,DELIVERED,SOUTH
ORD00206,,2025-12-14 04:17:13,DELIVERED,CENTRAL
ORD00207,CUST0459,2025-08-06 04:24:16,CANCELLED,WEST
ORD00208,CUST0324,2024-07-03 09:42:43,RETURNED,NORTH
ORD00209,CUST0106,2025-03-26 08:39:37,DELIVERED,CENTRAL
ORD00210,CUST0563,2024-01-01 06:19:38,CANCELLED,CENTRAL
ORD00211,CUST0634,25-01-2026,CANCELLED,CENTRAL
ORD00212,CUST0212,2026-05-05 02:38:18,DELIVERED,EAST
ORD00213,CUST0373,2026-04-27 00:54:43,PLACED,SOUTH
ORD00214,CUST0466,2025-12-04 22:12:32,DELIVERED,CENTRAL
ORD00215,CUST0615,2026-01-04 23:42:07,DELIVERED,EAST
ORD00216,,2026-02-07 23:37:58,SHIPPED,SOUTH
ORD00217,CUST0003,2025-06-14 06:42:56,DELIVERED,EAST
ORD00218,CUST0561,2026-05-23 21:00:52,DELIVERED,NORTH
ORD00219,CUST0047,2024-09-12 00:09:20,DELIVERED,WEST
ORD00220,CUST0110,2025-01-30 00:35:33,DELIVERED,SOUTH
ORD00221,CUST0124,2025-11-22 08:14:34,SHIPPED,SOUTH
ORD00222,CUST0734,2025-08-13 23:04:33,SHIPPED,WEST
ORD00223,CUST0048,2024-07-10 09:56:39,DELIVERED,WEST
ORD00224,CUST0469,2026-02-22 05:50:53,SHIPPED,WEST
ORD00225,CUST0005,2026-04-03 21:24:57,DELIVERED,CENTRAL
ORD00226,CUST0444,2026-05-04 05:00:30,RETURNED,SOUTH
ORD00227,CUST0709,2025-11-24 09:02:07,SHIPPED,SOUTH
ORD00228,CUST0107,2025-08-24 19:31:36,DELIVERED,CENTRAL
ORD00229,CUST0330,2026-04-05 21:19:24,CANCELLED,WEST
ORD00230,CUST0624,2025-11-24 19:30:23,DELIVERED,EAST
ORD00231,CUST0302,2025-12-04 11:18:41,CANCELLED,SOUTH
ORD00232,CUST0423,2026-03-06 19:43:40,DELIVERED,CENTRAL
ORD00233,CUST0322,2026-03-23 11:08:59,DELIVERED,CENTRAL
ORD00234,CUST0648,2025-09-30 19:33:32,SHIPPED,CENTRAL
ORD00235,,2025-07-12 09:35:19,DELIVERED,SOUTH
ORD00236,CUST0728,2026-02-27 11:14:39,RETURNED,SOUTH
ORD00237,CUST0516,2026-06-09 16:23:13,DELIVERED,EAST
ORD00238,CUST0728,2025-08-03 19:39:17,DELIVERED,CENTRAL
ORD00239,CUST0492,2025-11-19 16:17:46,DELIVERED,WEST
ORD00240,CUST0691,2026-04-24 08:20:05,DELIVERED,WEST
ORD00241,CUST0014,2026-02-07 00:23:35,SHIPPED,WEST
ORD00242,CUST0149,2024-11-14 05:12:11,DELIVERED,SOUTH
ORD00243,CUST0274,2026-04-28 08:13:52,DELIVERED,EAST
ORD00244,CUST0700,2026-03-10 07:23:52,SHIPPED,NORTH
ORD00245,CUST0708,2026-01-20 14:54:34,SHIPPED,CENTRAL
ORD00246,CUST0034,2025-11-11 07:09:45,CANCELLED,NORTH
ORD00247,CUST0631,2026-05-22 20:35:25,CANCELLED,CENTRAL
ORD00248,CUST0399,2025-01-04 02:12:04,DELIVERED,EAST
ORD00249,,2026-06-08 03:03:28,PLACED,WEST
ORD00250,CUST0397,2025-05-30 13:21:26,RETURNED,EAST
ORD00251,CUST0566,2025-01-23 18:56:44,PLACED,EAST
ORD00252,CUST0208,2026-05-12 01:39:15,CANCELLED,EAST
ORD00253,CUST0774,2026-04-29 03:17:21,DELIVERED,SOUTH
ORD00254,CUST0795,2025-12-17 03:31:45,DELIVERED,SOUTH
ORD00255,,2025-12-31 22:06:04,SHIPPED,SOUTH
ORD00256,CUST0753,2025-10-02 02:47:58,SHIPPED,NORTH
ORD00257,CUST0439,2025-09-02 19:01:45,DELIVERED,SOUTH
ORD00258,CUST0165,2026-01-24 14:17:20,CANCELLED,NORTH
ORD00259,CUST0339,2026-03-18 10:05:32,DELIVERED,SOUTH
ORD00260,CUST0041,2024-08-26 18:28:38,RETURNED,CENTRAL
ORD00261,CUST0053,2025-04-12 19:51:55,DELIVERED,CENTRAL
ORD00262,CUST0564,2026-02-19 03:11:57,PLACED,EAST
ORD00263,CUST0539,2025-01-02 20:23:20,RETURNED,CENTRAL
ORD00264,CUST0070,2026-06-22 08:29:55,SHIPPED,CENTRAL
ORD00265,CUST0550,2025-12-21 16:07:10,PLACED,SOUTH
ORD00266,CUST0219,2025-05-30 13:30:51,DELIVERED,EAST
ORD00267,CUST0224,2026-03-30 05:35:08,DELIVERED,CENTRAL
ORD00268,CUST0771,2026-05-30 03:54:56,PLACED,EAST
ORD00269,CUST0457,2025-02-04 16:24:32,RETURNED,CENTRAL
ORD00270,CUST0637,2025-12-12 16:38:01,RETURNED,EAST
ORD00271,CUST0391,2026-01-15 00:43:21,DELIVERED,CENTRAL
ORD00272,CUST0742,2025-04-15 08:37:45,PLACED,CENTRAL
ORD00273,CUST0789,2025-08-05 11:26:56,DELIVERED,CENTRAL
ORD00274,CUST0457,2025-08-15 02:41:51,PLACED,SOUTH
ORD00275,CUST0329,2026-03-09 07:22:59,PLACED,NORTH
ORD00276,CUST0172,2026-01-24 20:34:39,DELIVERED,NORTH
ORD00277,CUST0216,2026-02-23 07:58:34,DELIVERED,SOUTH
ORD00278,CUST0702,2026-03-01 11:50:14,CANCELLED,SOUTH
ORD00279,CUST0551,2025-11-07 02:50:23,DELIVERED,NORTH
ORD00280,,2025-06-10 10:11:35,PLACED,EAST
ORD00281,CUST0039,2025-07-15 23:30:28,PLACED,SOUTH
ORD00282,CUST0258,2026-06-25 22:53:14,PLACED,SOUTH
ORD00283,CUST0265,2025-11-29 07:24:46,DELIVERED,WEST
ORD00284,CUST0444,2025-08-18 12:24:19,PLACED,NORTH
ORD00285,CUST0548,2024-01-10 03:55:40,DELIVERED,CENTRAL
ORD00286,CUST0065,2026-06-28 17:02:57,PLACED,NORTH
ORD00287,CUST0367,2026-02-20 03:07:13,SHIPPED,EAST
ORD00288,,2024-05-14 09:08:54,DELIVERED,WEST
ORD00289,CUST0391,2026-05-04 10:43:20,CANCELLED,NORTH
ORD00290,CUST0486,2024-08-30 20:09:41,DELIVERED,SOUTH
ORD00291,CUST0765,2025-12-11 16:37:46,DELIVERED,CENTRAL
ORD00292,CUST0303,2024-08-11 19:31:31,DELIVERED,EAST
ORD00293,CUST0012,2025-11-15 22:26:19,CANCELLED,SOUTH
ORD00294,CUST0127,2025-12-17 05:21:14,PLACED,CENTRAL
ORD00295,CUST0404,2026-04-14 10:28:47,DELIVERED,NORTH
ORD00296,CUST0313,2025-01-23 03:40:10,DELIVERED,EAST
ORD00297,CUST0217,2025-11-29 12:26:14,RETURNED,CENTRAL
ORD00298,CUST0146,2025-02-26 00:24:24,SHIPPED,CENTRAL
ORD00299,CUST0259,2025-08-22 11:15:05,SHIPPED,CENTRAL
ORD00300,CUST0056,2026-05-15 03:39:47,DELIVERED,CENTRAL
ORD00301,CUST0075,2025-08-05 18:09:30,DELIVERED,EAST
ORD00302,CUST0101,2024-11-02 16:15:40,DELIVERED,WEST
ORD00303,CUST0339,2025-09-29 19:04:59,SHIPPED,SOUTH
ORD00304,CUST0103,2025-06-26 11:20:29,DELIVERED,SOUTH
ORD00305,CUST0326,2026-05-05 18:13:10,DELIVERED,CENTRAL
ORD00306,CUST0676,2025-04-19 20:24:29,DELIVERED,SOUTH
ORD00307,CUST0580,2026-05-30 14:08:35,DELIVERED,EAST
ORD00308,CUST0439,2025-06-08 23:40:06,PLACED,SOUTH
ORD00309,CUST0227,2025-11-28 11:53:01,DELIVERED,EAST
ORD00310,CUST0138,2026-05-02 20:17:33,DELIVERED,WEST
ORD00311,CUST0474,2026-01-18 20:08:55,DELIVERED,EAST
ORD00312,CUST0499,2026-02-05 11:54:29,SHIPPED,CENTRAL
ORD00313,CUST0084,2025-04-28 23:03:36,CANCELLED,SOUTH
ORD00314,CUST0552,2025-03-24 13:45:23,DELIVERED,NORTH
ORD00315,CUST0745,27-04-2024,CANCELLED,CENTRAL
ORD00316,CUST0647,2025-12-25 02:45:04,CANCELLED,CENTRAL
ORD00317,CUST0415,2024-11-26 12:17:35,RETURNED,CENTRAL
ORD00318,CUST0267,2025-11-03 03:00:08,CANCELLED,CENTRAL
ORD00319,CUST0484,2024-08-18 21:26:21,DELIVERED,SOUTH
ORD00320,CUST0791,2026-04-21 11:44:19,DELIVERED,EAST
ORD00321,CUST0138,2025-11-16 22:39:25,DELIVERED,NORTH
ORD00322,CUST0407,2025-07-19 05:53:28,DELIVERED,SOUTH
ORD00323,CUST0629,2026-04-14 09:41:51,SHIPPED,CENTRAL
ORD00324,,2025-11-24 04:18:14,SHIPPED,CENTRAL
ORD00325,CUST0580,2024-08-15 02:41:44,DELIVERED,WEST
ORD00326,CUST0368,2024-09-29 09:28:48,SHIPPED,WEST
ORD00327,CUST0238,2025-04-16 19:49:01,DELIVERED,SOUTH
ORD00328,CUST0044,2025-12-10 07:20:20,SHIPPED,EAST
ORD00329,CUST0398,2026-05-09 14:43:27,RETURNED,NORTH
ORD00330,CUST0041,2025-05-18 10:14:48,SHIPPED,CENTRAL
ORD00331,,2026-05-31 02:26:09,DELIVERED,EAST
ORD00332,CUST0593,2025-09-03 19:25:14,DELIVERED,WEST
ORD00333,CUST0670,2025-10-07 00:05:47,DELIVERED,NORTH
ORD00334,CUST0530,2025-01-25 19:49:16,DELIVERED,SOUTH
ORD00335,CUST0529,2025-09-22 10:53:38,DELIVERED,EAST
ORD00336,CUST0499,2025-12-13 11:11:00,CANCELLED,NORTH
ORD00337,CUST0514,2024-08-03 21:06:50,DELIVERED,SOUTH
ORD00338,,2025-12-08 15:44:40,DELIVERED,SOUTH
ORD00339,CUST0154,2024-12-16 04:10:27,SHIPPED,CENTRAL
ORD00340,CUST0735,2024-07-02 19:40:13,DELIVERED,WEST
ORD00341,CUST0339,2024-09-16 01:34:22,DELIVERED,WEST
ORD00342,CUST0491,2024-11-23 07:36:45,DELIVERED,WEST
ORD00343,CUST0023,2025-01-17 12:41:15,PLACED,CENTRAL
ORD00344,CUST0607,2024-09-07 07:19:47,SHIPPED,CENTRAL
ORD00345,CUST0041,07-06-2026,SHIPPED,SOUTH
ORD00346,CUST0265,2026-06-17 05:49:40,SHIPPED,WEST
ORD00347,CUST0614,2026-05-04 21:10:35,DELIVERED,EAST
ORD00348,CUST0088,2024-12-02 11:11:16,DELIVERED,WEST
ORD00349,CUST0494,2026-01-27 02:53:55,SHIPPED,WEST
ORD00350,,2025-05-21 20:20:49,DELIVERED,SOUTH
ORD00351,CUST0639,2026-02-23 04:22:19,DELIVERED,SOUTH
ORD00352,CUST0742,2025-07-17 07:42:39,RETURNED,CENTRAL
ORD00353,CUST0605,2025-04-07 11:19:28,SHIPPED,WEST
ORD00354,CUST0136,2025-07-08 07:53:37,PLACED,CENTRAL
ORD00355,CUST0517,2025-10-14 03:05:32,CANCELLED,CENTRAL
ORD00356,CUST0099,2024-10-02 14:46:42,DELIVERED,CENTRAL
ORD00357,CUST0615,2024-03-01 15:23:18,CANCELLED,CENTRAL
ORD00358,CUST0516,2025-12-26 15:19:56,PLACED,SOUTH
ORD00359,CUST0618,2026-04-17 18:02:19,CANCELLED,WEST
ORD00360,CUST0535,2026-02-09 18:07:06,DELIVERED,NORTH
ORD00361,CUST0715,2026-01-01 18:14:52,DELIVERED,WEST
ORD00362,CUST0788,2025-08-15 05:31:36,DELIVERED,CENTRAL
ORD00363,,2025-10-22 23:23:40,SHIPPED,WEST
ORD00364,CUST0785,2025-06-17 14:21:15,RETURNED,NORTH
ORD00365,CUST0291,24-04-2026,DELIVERED,SOUTH
ORD00366,CUST0006,2024-01-12 01:13:55,DELIVERED,NORTH
ORD00367,CUST0533,2024-01-12 04:12:49,DELIVERED,SOUTH
ORD00368,CUST0705,2025-09-03 08:50:05,DELIVERED,NORTH
ORD00369,CUST0159,2025-10-23 21:06:00,DELIVERED,EAST
ORD00370,CUST0268,2026-06-08 00:28:52,DELIVERED,CENTRAL
ORD00371,CUST0375,2025-03-04 01:38:29,RETURNED,WEST
ORD00372,CUST0774,2024-11-12 10:15:00,DELIVERED,CENTRAL
ORD00373,CUST0495,2024-10-04 15:08:58,DELIVERED,CENTRAL
ORD00374,CUST0496,2025-12-19 02:45:29,RETURNED,CENTRAL
ORD00375,CUST0353,2026-03-24 08:01:52,DELIVERED,SOUTH
ORD00376,CUST0676,2024-07-03 23:50:20,DELIVERED,WEST
ORD00377,CUST0717,2024-09-08 08:09:33,SHIPPED,CENTRAL
ORD00378,CUST0411,2025-07-12 17:52:38,CANCELLED,CENTRAL
ORD00379,CUST0714,2026-01-03 05:10:02,SHIPPED,NORTH
ORD00380,CUST0094,2026-05-14 10:35:39,SHIPPED,CENTRAL
ORD00381,CUST0446,2025-05-21 11:03:41,PLACED,SOUTH
ORD00382,CUST0380,2024-05-04 08:05:51,DELIVERED,WEST
ORD00383,CUST0411,2026-04-22 08:29:40,DELIVERED,CENTRAL
ORD00384,CUST0059,2026-05-28 21:06:24,CANCELLED,WEST
ORD00385,CUST0450,2024-07-13 07:39:22,SHIPPED,CENTRAL
ORD00386,CUST0293,2024-10-29 12:40:32,PLACED,CENTRAL
ORD00387,CUST0523,2026-01-06 07:43:53,DELIVERED,CENTRAL
ORD00388,CUST0174,2026-06-15 12:43:30,PLACED,SOUTH
ORD00389,CUST0671,2025-09-30 02:40:39,RETURNED,NORTH
ORD00390,CUST0283,2026-01-27 14:09:21,DELIVERED,WEST
ORD00391,CUST0416,2026-02-03 05:19:34,SHIPPED,NORTH
ORD00392,CUST0755,2026-02-17 12:27:48,PLACED,NORTH
ORD00393,CUST0563,2025-03-17 22:41:49,DELIVERED,CENTRAL
ORD00394,CUST0597,2025-10-31 08:57:56,DELIVERED,EAST
ORD00395,CUST0232,2024-12-13 04:25:29,DELIVERED,WEST
ORD00396,CUST0589,2024-01-08 05:25:07,DELIVERED,WEST
ORD00397,CUST0519,2024-09-15 09:18:04,DELIVERED,CENTRAL
ORD00398,CUST0302,2025-06-12 02:50:49,RETURNED,CENTRAL
ORD00399,,2026-06-04 19:14:45,CANCELLED,CENTRAL
ORD00400,CUST0257,2026-03-07 04:40:27,DELIVERED,WEST
ORD00401,CUST0577,2026-05-12 15:30:52,DELIVERED,EAST
ORD00402,CUST0795,2026-03-30 04:46:38,DELIVERED,CENTRAL
ORD00403,CUST0029,2026-01-18 17:09:00,SHIPPED,NORTH
ORD00404,CUST0392,2026-03-26 04:18:43,DELIVERED,SOUTH
ORD00405,CUST0694,2026-04-27 07:26:05,SHIPPED,EAST
ORD00406,CUST0423,2025-07-02 12:22:58,DELIVERED,NORTH
ORD00407,CUST0718,2025-11-24 06:35:49,SHIPPED,NORTH
ORD00408,CUST0409,2025-06-15 06:25:07,PLACED,SOUTH
ORD00409,CUST0488,2025-05-28 19:00:45,DELIVERED,CENTRAL
ORD00410,CUST0276,25-09-2025,RETURNED,SOUTH
ORD00411,CUST0511,2025-12-25 13:01:37,SHIPPED,SOUTH
ORD00412,CUST0272,2024-11-17 05:15:58,SHIPPED,SOUTH
ORD00413,CUST0634,2026-03-06 12:49:52,SHIPPED,NORTH
ORD00414,CUST0123,16-06-2026,PLACED,WEST
ORD00415,CUST0629,2024-11-04 03:28:27,DELIVERED,CENTRAL
ORD00416,CUST0044,2026-04-28 16:03:47,DELIVERED,CENTRAL
ORD00417,CUST0323,2026-01-10 04:56:41,CANCELLED,CENTRAL
ORD00418,CUST0282,2026-03-25 10:32:59,SHIPPED,CENTRAL
ORD00419,CUST0287,2025-09-10 02:01:22,SHIPPED,CENTRAL
ORD00420,CUST0132,2024-09-02 01:23:42,DELIVERED,WEST
ORD00421,CUST0490,2026-01-29 00:19:21,PLACED,EAST
ORD00422,CUST0404,2024-09-28 13:01:47,DELIVERED,NORTH
ORD00423,CUST0716,2025-10-29 12:02:38,DELIVERED,NORTH
ORD00424,CUST0013,2024-11-23 09:25:06,DELIVERED,NORTH
ORD00425,,2025-07-15 17:30:42,DELIVERED,EAST
ORD00426,CUST0192,2026-05-02 03:55:33,DELIVERED,EAST
ORD00427,CUST0483,2026-06-06 02:21:26,DELIVERED,SOUTH
ORD00428,CUST0511,2026-03-22 15:26:02,SHIPPED,EAST
ORD00429,CUST0374,2025-09-14 07:10:28,DELIVERED,SOUTH
ORD00430,CUST0586,2024-09-17 20:36:40,RETURNED,SOUTH
ORD00431,CUST0103,2026-05-30 20:58:26,DELIVERED,SOUTH
ORD00432,CUST0569,2026-04-11 17:08:29,CANCELLED,SOUTH
ORD00433,CUST0150,2024-12-18 07:33:20,DELIVERED,NORTH
ORD00434,CUST0181,2025-10-16 19:25:46,DELIVERED,CENTRAL
ORD00435,CUST0547,2025-05-05 11:09:53,DELIVERED,EAST
ORD00436,CUST0257,2025-11-24 15:01:12,CANCELLED,NORTH
ORD00437,CUST0408,2025-07-16 10:30:43,DELIVERED,NORTH
ORD00438,CUST0221,2025-05-15 00:36:23,DELIVERED,NORTH
ORD00439,CUST0461,2026-04-19 08:13:25,DELIVERED,EAST
ORD00440,CUST0369,2026-01-14 05:40:54,DELIVERED,EAST
ORD00441,CUST0353,2024-08-15 09:45:26,DELIVERED,EAST
ORD00442,CUST0696,2025-02-17 01:41:45,DELIVERED,CENTRAL
ORD00443,CUST0179,29-06-2026,DELIVERED,EAST
ORD00444,CUST0333,03-03-2026,DELIVERED,WEST
ORD00445,,2025-08-14 23:21:23,DELIVERED,WEST
ORD00446,CUST0647,2026-02-07 06:05:03,CANCELLED,EAST
ORD00447,CUST0432,2026-06-11 00:11:36,DELIVERED,NORTH
ORD00448,CUST0082,2025-06-11 19:53:21,DELIVERED,EAST
ORD00449,CUST0325,2026-06-11 05:02:47,DELIVERED,EAST
ORD00450,CUST0620,2025-09-28 17:02:26,DELIVERED,WEST
ORD00451,CUST0800,2025-07-18 03:45:59,DELIVERED,CENTRAL
ORD00452,CUST0462,2026-01-09 13:18:55,SHIPPED,NORTH
ORD00453,CUST0129,2026-03-28 15:19:50,SHIPPED,EAST
ORD00454,CUST0762,2025-06-14 04:30:53,SHIPPED,WEST
ORD00455,CUST0106,2024-07-30 05:15:01,PLACED,WEST
ORD00456,CUST0562,2026-01-08 10:50:41,PLACED,WEST
ORD00457,CUST0537,2026-02-16 04:33:57,RETURNED,NORTH
ORD00458,CUST0269,2024-08-29 05:02:52,PLACED,WEST
ORD00459,CUST0317,2025-03-19 07:00:35,SHIPPED,EAST
ORD00460,CUST0454,2026-05-08 07:13:23,SHIPPED,CENTRAL
ORD00461,CUST0175,2025-10-11 02:18:13,PLACED,EAST
ORD00462,CUST0334,2026-01-09 16:20:07,DELIVERED,CENTRAL
ORD00463,CUST0279,2026-05-02 03:15:00,DELIVERED,CENTRAL
ORD00464,CUST0182,2026-03-14 05:10:20,DELIVERED,CENTRAL
ORD00465,CUST0446,2026-04-24 13:59:52,DELIVERED,CENTRAL
ORD00466,CUST0318,2026-03-03 19:50:35,DELIVERED,SOUTH
ORD00467,CUST0092,2025-11-17 09:44:46,DELIVERED,WEST
ORD00468,CUST0267,2025-01-05 22:47:07,DELIVERED,NORTH
ORD00469,CUST0536,2025-12-02 22:24:44,DELIVERED,WEST
ORD00470,CUST0548,2024-01-13 22:05:03,DELIVERED,WEST
ORD00471,CUST0774,2026-01-11 02:20:58,DELIVERED,WEST
ORD00472,CUST0300,2025-12-17 16:57:23,SHIPPED,NORTH
ORD00473,CUST0562,2026-03-11 13:18:24,SHIPPED,CENTRAL
ORD00474,CUST0448,2025-09-05 05:25:27,SHIPPED,WEST
ORD00475,CUST0388,2024-12-08 16:16:54,DELIVERED,WEST
ORD00476,CUST0641,2026-02-04 12:26:20,DELIVERED,CENTRAL
ORD00477,CUST0711,2026-04-18 21:18:36,DELIVERED,CENTRAL
ORD00478,CUST0276,2025-12-24 08:32:35,SHIPPED,NORTH
ORD00479,CUST0187,2025-05-02 02:51:23,DELIVERED,WEST
ORD00480,CUST0633,2026-01-19 08:23:09,DELIVERED,CENTRAL
ORD00481,CUST0504,2024-10-18 17:17:52,DELIVERED,SOUTH
ORD00482,CUST0051,2026-04-11 01:09:19,PLACED,NORTH
ORD00483,CUST0289,2025-01-26 02:09:39,SHIPPED,WEST
ORD00484,CUST0745,2024-01-13 17:52:14,SHIPPED,SOUTH
ORD00485,CUST0016,2026-05-14 17:58:46,SHIPPED,WEST
ORD00486,CUST0320,2026-05-10 13:23:06,RETURNED,WEST
ORD00487,CUST0714,2025-12-26 07:48:41,DELIVERED,SOUTH
ORD00488,CUST0058,2025-02-17 23:58:24,DELIVERED,NORTH
ORD00489,CUST0557,19-01-2026,SHIPPED,EAST
ORD00490,CUST0391,2025-12-06 21:35:05,SHIPPED,SOUTH
ORD00491,,2026-06-14 12:20:27,RETURNED,SOUTH
ORD00492,CUST0756,2025-09-22 00:20:18,SHIPPED,NORTH
ORD00493,CUST0534,2026-01-24 07:17:12,RETURNED,WEST
ORD00494,CUST0399,2025-04-29 20:16:49,RETURNED,SOUTH
ORD00495,CUST0645,2024-03-06 12:48:17,DELIVERED,CENTRAL
ORD00496,CUST0534,2024-11-27 20:52:58,DELIVERED,EAST
ORD00497,,2025-12-21 22:50:23,CANCELLED,SOUTH
ORD00498,CUST0116,2024-11-29 06:43:19,DELIVERED,EAST
ORD00499,CUST0016,2024-12-23 23:38:46,DELIVERED,CENTRAL
ORD00500,CUST0123,2025-11-24 17:12:02,DELIVERED,NORTH
ORD00501,CUST0044,2025-10-03 08:03:38,DELIVERED,WEST
ORD00502,CUST0705,2026-04-09 02:12:09,SHIPPED,NORTH
ORD00503,CUST0255,2024-09-27 11:42:44,DELIVERED,CENTRAL
ORD00504,CUST0347,2026-05-11 18:39:20,PLACED,EAST
ORD00505,CUST0661,2024-08-27 02:29:42,DELIVERED,NORTH
ORD00506,CUST0129,2025-12-25 11:01:30,SHIPPED,CENTRAL
ORD00507,CUST0661,2025-06-23 12:56:37,CANCELLED,WEST
ORD00508,CUST0751,2024-10-26 18:16:04,PLACED,WEST
ORD00509,CUST0367,2024-07-28 07:10:46,DELIVERED,NORTH
ORD00510,CUST0497,2026-02-13 20:27:46,DELIVERED,EAST
ORD00511,CUST0556,2026-05-20 15:58:37,SHIPPED,SOUTH
ORD00512,CUST0557,03-12-2025,DELIVERED,WEST
ORD00513,CUST0282,2024-10-28 02:02:08,PLACED,SOUTH
ORD00514,,2025-05-05 15:44:16,CANCELLED,CENTRAL
ORD00515,CUST0376,2025-12-06 09:17:29,PLACED,CENTRAL
ORD00516,CUST0389,2024-10-15 05:13:10,CANCELLED,CENTRAL
ORD00517,CUST0373,2026-03-19 17:59:50,DELIVERED,EAST
ORD00518,,2025-02-27 04:46:33,DELIVERED,CENTRAL
ORD00519,CUST0397,2024-12-05 11:25:23,DELIVERED,WEST
ORD00520,CUST0785,2026-02-20 08:06:18,SHIPPED,EAST
ORD00521,CUST0331,2025-10-25 07:18:36,DELIVERED,NORTH
ORD00522,CUST0099,2026-03-23 18:19:47,DELIVERED,NORTH
ORD00523,CUST0133,2026-01-18 09:02:03,CANCELLED,SOUTH
ORD00524,CUST0110,2026-01-23 23:54:57,SHIPPED,NORTH
ORD00525,CUST0585,2026-04-07 11:07:05,CANCELLED,WEST
ORD00526,CUST0539,2025-11-12 15:39:10,DELIVERED,EAST
ORD00527,CUST0051,2025-07-23 02:40:04,SHIPPED,NORTH
ORD00528,CUST0014,2025-06-08 03:09:36,DELIVERED,NORTH
ORD00529,CUST0480,2026-06-20 06:16:15,PLACED,CENTRAL
ORD00530,CUST0762,2026-03-02 01:55:46,CANCELLED,NORTH
ORD00531,CUST0632,2025-12-06 11:09:45,DELIVERED,NORTH
ORD00532,CUST0312,2024-05-01 01:38:28,RETURNED,CENTRAL
ORD00533,CUST0100,2026-01-13 07:29:11,DELIVERED,CENTRAL
ORD00534,CUST0395,2025-10-31 13:53:56,SHIPPED,SOUTH
ORD00535,CUST0584,2025-10-27 16:54:13,RETURNED,CENTRAL
ORD00536,CUST0768,2026-05-17 01:01:38,DELIVERED,NORTH
ORD00537,CUST0785,2026-04-29 00:49:11,DELIVERED,WEST
ORD00538,CUST0720,2025-12-25 17:00:58,DELIVERED,NORTH
ORD00539,CUST0171,2025-04-06 02:50:06,DELIVERED,CENTRAL
ORD00540,CUST0346,2026-01-25 17:16:57,SHIPPED,CENTRAL
ORD00541,CUST0454,2026-01-21 19:53:54,RETURNED,CENTRAL
ORD00542,CUST0333,2025-07-31 10:42:28,DELIVERED,WEST
ORD00543,CUST0744,2025-05-17 11:07:27,DELIVERED,CENTRAL
ORD00544,CUST0559,2024-11-28 07:49:08,DELIVERED,CENTRAL
ORD00545,CUST0763,2025-01-29 17:07:45,DELIVERED,WEST
ORD00546,CUST0459,2025-12-04 05:09:08,PLACED,NORTH
ORD00547,CUST0292,2026-05-06 08:54:43,PLACED,SOUTH
ORD00548,CUST0310,2024-03-02 04:54:13,DELIVERED,SOUTH
ORD00549,CUST0220,2025-11-16 14:14:55,PLACED,EAST
ORD00550,CUST0567,2026-03-28 13:23:44,DELIVERED,CENTRAL
ORD00551,CUST0159,2024-05-26 11:16:44,PLACED,EAST
ORD00552,CUST0160,2024-08-03 00:13:53,DELIVERED,CENTRAL
ORD00553,CUST0256,2025-11-28 23:19:32,DELIVERED,EAST
ORD00554,CUST0095,2026-06-05 05:18:10,DELIVERED,SOUTH
ORD00555,CUST0752,2024-05-23 22:16:58,DELIVERED,WEST
ORD00556,CUST0178,2026-02-23 12:15:48,CANCELLED,CENTRAL
ORD00557,CUST0098,2025-04-11 15:28:20,PLACED,CENTRAL
ORD00558,CUST0391,2026-01-01 11:27:44,DELIVERED,EAST
ORD00559,CUST0357,2026-02-12 16:02:29,DELIVERED,NORTH
ORD00560,CUST0789,18-12-2024,DELIVERED,CENTRAL
ORD00561,,2026-01-17 08:30:43,DELIVERED,WEST
ORD00562,CUST0056,2026-02-09 08:47:13,DELIVERED,EAST
ORD00563,CUST0553,2026-06-30 09:22:11,SHIPPED,CENTRAL
ORD00564,CUST0715,2025-09-03 17:58:43,SHIPPED,WEST
ORD00565,CUST0457,2026-03-09 17:57:30,DELIVERED,CENTRAL
ORD00566,CUST0093,2025-03-26 23:57:08,DELIVERED,WEST
ORD00567,CUST0152,2024-07-24 08:21:53,DELIVERED,WEST
ORD00568,CUST0586,2026-01-07 21:40:45,PLACED,WEST
ORD00569,CUST0269,2024-05-12 03:58:28,DELIVERED,WEST
ORD00570,CUST0793,2025-08-01 06:22:09,DELIVERED,WEST
ORD00571,CUST0573,2025-07-06 21:00:38,DELIVERED,CENTRAL
ORD00572,,2025-05-22 12:42:37,SHIPPED,EAST
ORD00573,CUST0796,2025-12-13 01:00:22,DELIVERED,CENTRAL
ORD00574,CUST0092,2024-06-23 19:25:03,DELIVERED,WEST
ORD00575,CUST0375,2025-06-25 01:51:29,SHIPPED,EAST
ORD00576,CUST0609,2025-05-21 19:14:52,DELIVERED,SOUTH
ORD00577,CUST0359,2026-05-22 17:41:48,DELIVERED,WEST
ORD00578,CUST0046,2025-01-17 17:07:23,SHIPPED,EAST
ORD00579,CUST0160,2024-05-13 07:23:39,SHIPPED,NORTH
ORD00580,CUST0249,2026-01-02 08:27:00,CANCELLED,EAST
ORD00581,CUST0015,2025-06-17 06:05:03,DELIVERED,NORTH
ORD00582,CUST0313,2025-07-28 13:45:20,DELIVERED,EAST
ORD00583,CUST0215,2026-04-15 18:17:50,SHIPPED,CENTRAL
ORD00584,CUST0536,2026-01-19 10:52:02,DELIVERED,CENTRAL
ORD00585,CUST0748,2024-08-07 13:48:49,DELIVERED,NORTH
ORD00586,CUST0386,2026-03-21 19:59:59,RETURNED,CENTRAL
ORD00587,CUST0045,2025-01-31 20:06:10,SHIPPED,EAST
ORD00588,CUST0206,2026-06-27 23:32:23,DELIVERED,EAST
ORD00589,CUST0055,2026-04-04 06:59:44,DELIVERED,NORTH
ORD00590,CUST0069,2025-04-03 20:52:14,DELIVERED,EAST
ORD00591,CUST0111,2024-12-24 19:38:44,DELIVERED,WEST
ORD00592,CUST0237,2025-08-14 09:34:10,DELIVERED,NORTH
ORD00593,CUST0324,2026-01-22 21:30:52,CANCELLED,CENTRAL
ORD00594,CUST0091,2025-06-06 19:04:19,SHIPPED,WEST
ORD00595,CUST0575,2025-12-10 08:17:13,PLACED,CENTRAL
ORD00596,CUST0313,2025-04-29 02:11:19,DELIVERED,SOUTH
ORD00597,CUST0019,2025-06-22 16:53:30,DELIVERED,EAST
ORD00598,,2026-02-16 16:56:32,SHIPPED,CENTRAL
ORD00599,CUST0283,2026-02-21 14:46:47,PLACED,EAST
ORD00600,CUST0397,2026-06-02 14:17:52,RETURNED,NORTH
ORD00601,CUST0569,2025-12-14 15:11:30,SHIPPED,EAST
ORD00602,CUST0403,2024-08-01 05:26:56,PLACED,WEST
ORD00603,,2026-02-02 14:44:27,DELIVERED,SOUTH
ORD00604,CUST0428,2024-11-23 16:39:00,DELIVERED,WEST
ORD00605,CUST0320,2026-06-21 02:26:49,DELIVERED,CENTRAL
ORD00606,CUST0135,2024-11-17 04:28:11,DELIVERED,CENTRAL
ORD00607,CUST0555,2024-11-10 06:40:19,CANCELLED,EAST
ORD00608,CUST0706,2026-03-24 16:53:01,RETURNED,WEST
ORD00609,CUST0789,2024-08-13 11:40:24,DELIVERED,CENTRAL
ORD00610,CUST0162,2025-08-19 05:07:00,PLACED,CENTRAL
ORD00611,CUST0737,2024-11-17 22:53:56,SHIPPED,SOUTH
ORD00612,CUST0745,2024-02-15 19:13:07,DELIVERED,WEST
ORD00613,CUST0422,2025-04-16 05:38:13,DELIVERED,EAST
ORD00614,CUST0156,2024-10-18 22:40:21,SHIPPED,SOUTH
ORD00615,CUST0027,2025-04-26 13:21:33,DELIVERED,CENTRAL
ORD00616,CUST0237,2024-12-26 16:23:32,SHIPPED,NORTH
ORD00617,CUST0368,2024-10-29 17:31:45,DELIVERED,WEST
ORD00618,CUST0138,2025-12-16 04:00:32,CANCELLED,WEST
ORD00619,CUST0730,2025-08-03 22:13:01,SHIPPED,WEST
ORD00620,CUST0504,2026-01-06 02:17:37,SHIPPED,SOUTH
ORD00621,CUST0232,2024-04-05 01:36:17,DELIVERED,NORTH
ORD00622,CUST0277,2025-12-04 15:23:50,SHIPPED,SOUTH
ORD00623,CUST0776,2025-11-03 10:39:25,PLACED,WEST
ORD00624,CUST0632,2026-05-29 13:11:51,DELIVERED,WEST
ORD00625,CUST0253,2025-10-26 04:25:52,DELIVERED,NORTH
ORD00626,CUST0623,2025-08-13 21:22:36,DELIVERED,WEST
ORD00627,CUST0627,2026-06-09 02:48:55,DELIVERED,CENTRAL
ORD00628,CUST0657,2024-02-29 19:49:49,DELIVERED,WEST
ORD00629,CUST0468,2024-03-06 21:22:47,CANCELLED,SOUTH
ORD00630,CUST0532,2026-04-01 06:43:37,RETURNED,NORTH
ORD00631,CUST0572,2026-04-14 10:48:34,DELIVERED,NORTH
ORD00632,CUST0195,23-10-2025,DELIVERED,EAST
ORD00633,CUST0793,2025-11-30 01:50:03,DELIVERED,WEST
ORD00634,CUST0302,2024-03-25 17:38:49,DELIVERED,SOUTH
ORD00635,CUST0475,2025-12-02 16:31:31,PLACED,CENTRAL
ORD00636,CUST0116,2024-10-16 15:10:53,DELIVERED,CENTRAL
ORD00637,CUST0139,2025-09-02 14:35:21,DELIVERED,WEST
ORD00638,CUST0026,2024-10-25 21:04:36,DELIVERED,SOUTH
ORD00639,CUST0466,2025-09-02 00:32:07,DELIVERED,SOUTH
ORD00640,CUST0736,2024-07-10 22:03:44,PLACED,WEST
ORD00641,CUST0650,2025-10-01 19:30:37,PLACED,WEST
ORD00642,CUST0745,2026-03-05 20:18:28,DELIVERED,SOUTH
ORD00643,CUST0388,2026-05-04 22:22:54,DELIVERED,SOUTH
ORD00644,CUST0344,2026-01-13 14:45:48,CANCELLED,SOUTH
ORD00645,CUST0167,2026-06-05 09:58:32,SHIPPED,NORTH
ORD00646,CUST0430,2025-02-12 06:41:44,DELIVERED,WEST
ORD00647,CUST0296,2026-06-06 06:57:49,SHIPPED,SOUTH
ORD00648,CUST0208,2025-11-22 08:55:44,DELIVERED,EAST
ORD00649,CUST0013,2025-12-13 11:26:15,DELIVERED,WEST
ORD00650,CUST0557,2026-05-30 14:01:19,PLACED,WEST
ORD00651,CUST0244,2025-09-23 10:49:17,DELIVERED,WEST
ORD00652,CUST0465,2026-05-09 06:53:16,DELIVERED,CENTRAL
ORD00653,CUST0615,2024-01-11 05:03:36,SHIPPED,CENTRAL
ORD00654,CUST0285,2026-06-01 16:38:17,DELIVERED,SOUTH
ORD00655,CUST0051,2024-10-14 03:20:03,SHIPPED,EAST
ORD00656,CUST0038,2024-11-25 19:57:03,CANCELLED,CENTRAL
ORD00657,CUST0618,2025-04-08 14:42:26,DELIVERED,NORTH
ORD00658,CUST0051,2024-06-18 03:37:32,DELIVERED,SOUTH
ORD00659,CUST0166,2025-03-17 18:28:30,DELIVERED,CENTRAL
ORD00660,CUST0587,2025-01-31 14:40:10,RETURNED,CENTRAL
ORD00661,CUST0369,2024-12-02 20:06:24,PLACED,EAST
ORD00662,CUST0331,2025-09-23 06:37:55,CANCELLED,NORTH
ORD00663,CUST0777,2025-10-25 19:47:14,CANCELLED,NORTH
ORD00664,CUST0300,2025-09-10 16:39:43,SHIPPED,EAST
ORD00665,CUST0338,2026-03-29 17:57:00,DELIVERED,SOUTH
ORD00666,CUST0713,2024-11-25 17:59:07,DELIVERED,NORTH
ORD00667,CUST0586,2025-12-26 19:07:31,RETURNED,CENTRAL
ORD00668,,2026-05-19 16:07:53,DELIVERED,CENTRAL
ORD00669,CUST0724,2025-09-06 01:33:33,DELIVERED,EAST
ORD00670,,2026-04-20 02:00:08,DELIVERED,CENTRAL
ORD00671,CUST0363,2024-07-29 12:03:22,DELIVERED,WEST
ORD00672,CUST0533,2026-02-12 05:08:01,DELIVERED,SOUTH
ORD00673,CUST0625,2024-12-27 12:29:29,DELIVERED,SOUTH
ORD00674,CUST0002,2025-05-26 19:32:26,PLACED,NORTH
ORD00675,CUST0756,2025-11-28 12:27:48,DELIVERED,WEST
ORD00676,CUST0424,2024-09-28 08:02:09,DELIVERED,CENTRAL
ORD00677,CUST0653,2025-05-25 22:15:57,PLACED,SOUTH
ORD00678,CUST0707,2026-01-05 17:54:08,DELIVERED,NORTH
ORD00679,CUST0316,2025-03-11 05:41:57,DELIVERED,EAST
ORD00680,CUST0786,2025-06-21 09:08:51,SHIPPED,EAST
ORD00681,CUST0350,2025-09-07 05:47:20,DELIVERED,CENTRAL
ORD00682,CUST0030,2025-04-22 09:57:48,SHIPPED,EAST
ORD00683,CUST0689,2026-05-07 06:27:03,RETURNED,NORTH
ORD00684,CUST0662,2026-01-24 17:19:04,DELIVERED,WEST
ORD00685,CUST0550,2026-06-30 22:39:35,DELIVERED,WEST
ORD00686,CUST0761,2024-03-28 00:39:43,CANCELLED,EAST
ORD00687,CUST0579,2025-05-05 02:47:54,DELIVERED,NORTH
ORD00688,CUST0214,2026-06-15 22:56:39,DELIVERED,EAST
ORD00689,CUST0068,2025-02-04 23:14:42,DELIVERED,NORTH
ORD00690,CUST0348,2025-11-15 17:29:51,DELIVERED,SOUTH
ORD00691,CUST0585,2026-03-10 10:51:46,DELIVERED,CENTRAL
ORD00692,CUST0120,2026-06-14 21:17:55,DELIVERED,EAST
ORD00693,CUST0723,2025-05-03 13:23:14,DELIVERED,EAST
ORD00694,CUST0424,2024-10-30 10:01:40,DELIVERED,SOUTH
ORD00695,CUST0381,2025-12-03 00:17:20,CANCELLED,EAST
ORD00696,CUST0222,2026-03-26 17:09:45,DELIVERED,NORTH
ORD00697,CUST0384,2024-05-26 02:11:16,DELIVERED,NORTH
ORD00698,CUST0455,2026-02-25 00:50:58,PLACED,WEST
ORD00699,CUST0513,2025-08-12 16:13:04,SHIPPED,WEST
ORD00700,CUST0751,2026-03-24 10:15:55,DELIVERED,EAST
ORD00701,CUST0147,2024-06-01 15:05:01,CANCELLED,CENTRAL
ORD00702,CUST0693,2024-07-25 04:03:15,SHIPPED,NORTH
ORD00703,CUST0471,2025-08-25 02:20:09,DELIVERED,CENTRAL
ORD00704,,2024-01-07 09:13:37,DELIVERED,NORTH
ORD00705,CUST0704,2024-05-30 06:25:28,DELIVERED,NORTH
ORD00706,CUST0106,2025-06-25 08:16:18,DELIVERED,EAST
ORD00707,CUST0024,2025-12-16 14:29:44,DELIVERED,SOUTH
ORD00708,CUST0329,2024-11-07 13:15:05,SHIPPED,EAST
ORD00709,CUST0546,2025-11-29 22:41:29,DELIVERED,NORTH
ORD00710,CUST0280,2025-01-26 23:32:24,SHIPPED,NORTH
ORD00711,CUST0016,2026-06-15 13:34:14,SHIPPED,CENTRAL
ORD00712,CUST0359,2026-04-04 16:29:40,DELIVERED,EAST
ORD00713,CUST0588,2025-10-03 01:56:06,SHIPPED,EAST
ORD00714,CUST0628,2026-02-26 13:16:31,DELIVERED,NORTH
ORD00715,CUST0134,2025-08-31 06:13:53,DELIVERED,NORTH
ORD00716,CUST0109,2025-08-18 21:37:52,PLACED,WEST
ORD00717,CUST0402,2025-01-28 00:58:10,DELIVERED,CENTRAL
ORD00718,CUST0645,2025-11-23 13:58:50,DELIVERED,EAST
ORD00719,CUST0341,2024-11-22 19:27:38,DELIVERED,CENTRAL
ORD00720,CUST0081,2025-12-24 10:22:53,DELIVERED,NORTH
ORD00721,CUST0716,2025-09-20 17:17:44,PLACED,EAST
ORD00722,CUST0701,2026-02-21 06:25:00,DELIVERED,WEST
ORD00723,CUST0482,2025-09-06 23:32:47,RETURNED,SOUTH
ORD00724,CUST0632,2025-11-30 10:27:07,RETURNED,WEST
ORD00725,CUST0188,2025-07-25 03:31:07,DELIVERED,EAST
ORD00726,CUST0465,2026-06-08 07:53:31,PLACED,WEST
ORD00727,CUST0116,2025-02-26 23:19:54,DELIVERED,SOUTH
ORD00728,CUST0290,2025-06-25 13:19:32,DELIVERED,SOUTH
ORD00729,CUST0521,2025-11-08 23:23:51,DELIVERED,NORTH
ORD00730,CUST0334,2026-05-13 22:46:10,DELIVERED,EAST
ORD00731,CUST0546,2026-01-24 00:35:49,DELIVERED,WEST
ORD00732,CUST0245,2025-11-21 06:43:50,DELIVERED,WEST
ORD00733,CUST0394,2024-08-23 07:26:47,DELIVERED,CENTRAL
ORD00734,CUST0442,07-11-2025,DELIVERED,EAST
ORD00735,CUST0558,2025-01-01 20:28:16,SHIPPED,NORTH
ORD00736,CUST0758,2026-06-09 11:28:16,DELIVERED,WEST
ORD00737,CUST0118,2025-12-20 02:28:38,DELIVERED,NORTH
ORD00738,CUST0456,2025-03-13 20:07:17,DELIVERED,WEST
ORD00739,CUST0072,2024-08-23 22:17:37,DELIVERED,CENTRAL
ORD00740,CUST0790,2025-11-27 14:49:35,DELIVERED,NORTH
ORD00741,CUST0093,2025-03-20 01:09:17,CANCELLED,CENTRAL
ORD00742,CUST0774,2024-01-01 06:52:21,DELIVERED,SOUTH
ORD00743,CUST0464,2026-01-07 15:19:34,DELIVERED,CENTRAL
ORD00744,CUST0592,2026-02-09 15:19:28,SHIPPED,EAST
ORD00745,CUST0307,2026-01-06 13:13:33,RETURNED,WEST
ORD00746,CUST0736,2025-06-18 19:06:55,RETURNED,CENTRAL
ORD00747,CUST0009,2026-06-21 05:29:43,DELIVERED,SOUTH
ORD00748,CUST0302,2024-04-06 22:50:03,DELIVERED,CENTRAL
ORD00749,CUST0055,2024-04-13 07:26:27,DELIVERED,EAST
ORD00750,CUST0113,2025-08-29 04:45:41,CANCELLED,SOUTH
ORD00751,CUST0443,2025-12-22 11:23:18,DELIVERED,WEST
ORD00752,CUST0416,2025-08-28 08:53:16,DELIVERED,SOUTH
ORD00753,CUST0679,2025-03-31 16:35:55,DELIVERED,SOUTH
ORD00754,CUST0569,2026-03-05 17:22:17,CANCELLED,EAST
ORD00755,CUST0428,2024-09-17 19:45:02,DELIVERED,SOUTH
ORD00756,,2024-11-30 00:17:27,PLACED,NORTH
ORD00757,CUST0148,2026-06-18 06:44:16,CANCELLED,WEST
ORD00758,CUST0140,2024-05-24 12:28:55,SHIPPED,WEST
ORD00759,CUST0467,2026-05-27 11:22:57,RETURNED,CENTRAL
ORD00760,CUST0185,2026-03-31 21:02:58,DELIVERED,CENTRAL
ORD00761,CUST0461,2025-07-13 19:36:07,DELIVERED,SOUTH
ORD00762,CUST0435,2026-05-06 14:03:44,PLACED,WEST
ORD00763,CUST0749,2025-02-17 18:40:42,DELIVERED,EAST
ORD00764,CUST0421,2026-06-13 10:33:14,DELIVERED,NORTH
ORD00765,CUST0039,2026-05-19 08:46:15,DELIVERED,NORTH
ORD00766,CUST0595,2026-01-18 00:50:52,RETURNED,NORTH
ORD00767,CUST0146,2026-05-14 03:38:37,DELIVERED,EAST
ORD00768,CUST0477,21-12-2025,PLACED,CENTRAL
ORD00769,CUST0091,2025-07-22 11:26:34,DELIVERED,NORTH
ORD00770,CUST0701,2026-02-17 02:23:49,DELIVERED,CENTRAL
ORD00771,CUST0320,2026-06-24 01:56:19,PLACED,EAST
ORD00772,CUST0548,2024-01-17 18:02:03,DELIVERED,CENTRAL
ORD00773,CUST0481,17-05-2026,DELIVERED,WEST
ORD00774,CUST0362,2025-04-02 16:09:11,DELIVERED,NORTH
ORD00775,CUST0712,2026-05-25 02:22:33,DELIVERED,CENTRAL
ORD00776,CUST0267,2024-10-24 16:54:36,DELIVERED,CENTRAL
ORD00777,CUST0174,2026-03-28 22:53:03,PLACED,EAST
ORD00778,CUST0756,2026-05-09 11:03:22,PLACED,WEST
ORD00779,CUST0085,2024-07-16 00:14:31,DELIVERED,EAST
ORD00780,CUST0259,2025-07-29 11:21:02,DELIVERED,EAST
ORD00781,,2025-04-24 00:45:47,DELIVERED,CENTRAL
ORD00782,CUST0179,2026-06-15 17:31:12,DELIVERED,SOUTH
ORD00783,CUST0675,2025-07-23 22:13:06,DELIVERED,SOUTH
ORD00784,CUST0268,2026-05-24 22:50:36,DELIVERED,WEST
ORD00785,CUST0186,2026-04-28 21:22:27,DELIVERED,NORTH
ORD00786,CUST0352,2024-05-11 02:42:52,RETURNED,CENTRAL
ORD00787,CUST0158,2026-06-08 10:17:30,DELIVERED,WEST
ORD00788,CUST0789,2025-08-18 05:30:03,SHIPPED,WEST
ORD00789,CUST0744,2024-09-16 20:46:19,SHIPPED,EAST
ORD00790,CUST0056,2026-06-20 10:18:26,DELIVERED,NORTH
ORD00791,CUST0054,2024-12-20 08:35:44,DELIVERED,WEST
ORD00792,CUST0309,2026-05-23 22:14:46,DELIVERED,CENTRAL
ORD00793,CUST0240,2025-11-10 11:59:59,DELIVERED,WEST
ORD00794,CUST0486,2025-02-11 23:22:31,SHIPPED,WEST
ORD00795,CUST0013,2025-03-24 14:57:15,RETURNED,WEST
ORD00796,CUST0392,2026-04-30 00:02:01,DELIVERED,CENTRAL
ORD00797,CUST0700,2025-12-18 22:18:42,PLACED,CENTRAL
ORD00798,CUST0653,2025-09-12 19:50:01,RETURNED,WEST
ORD00799,CUST0626,2026-06-27 05:41:41,CANCELLED,EAST
ORD00800,CUST0277,21-04-2025,CANCELLED,EAST
ORD00801,CUST0671,14-05-2026,DELIVERED,SOUTH
ORD00802,CUST0752,2024-11-22 19:21:22,DELIVERED,SOUTH
ORD00803,CUST0321,2026-04-30 16:28:33,PLACED,NORTH
ORD00804,CUST0070,2025-06-04 06:58:36,DELIVERED,CENTRAL
ORD00805,CUST0107,2025-11-23 17:55:49,DELIVERED,EAST
ORD00806,,2024-12-05 22:31:36,PLACED,CENTRAL
ORD00807,CUST0095,2024-03-29 08:42:40,RETURNED,SOUTH
ORD00808,CUST0614,2026-06-02 19:21:48,SHIPPED,NORTH
ORD00809,CUST0089,2026-05-10 05:12:50,DELIVERED,WEST
ORD00810,CUST0673,2026-05-29 08:34:28,CANCELLED,SOUTH
ORD00811,CUST0114,2024-10-18 05:49:20,DELIVERED,WEST
ORD00812,CUST0677,2024-04-27 14:49:44,DELIVERED,EAST
ORD00813,,2025-10-25 07:05:41,DELIVERED,EAST
ORD00814,CUST0264,2025-08-16 19:15:56,DELIVERED,EAST
ORD00815,CUST0796,2025-03-02 10:59:06,DELIVERED,EAST
ORD00816,CUST0062,2025-10-22 06:57:29,RETURNED,EAST
ORD00817,CUST0183,2025-07-16 04:54:36,PLACED,SOUTH
ORD00818,,2025-09-01 22:28:23,SHIPPED,WEST
ORD00819,CUST0112,2024-09-30 17:58:46,DELIVERED,WEST
ORD00820,CUST0224,2026-03-26 21:09:40,DELIVERED,WEST
ORD00821,CUST0733,2025-12-05 14:01:12,SHIPPED,NORTH
ORD00822,CUST0073,2026-06-06 13:16:08,DELIVERED,WEST
ORD00823,CUST0020,2026-04-17 06:54:47,SHIPPED,NORTH
ORD00824,CUST0039,2026-03-08 07:08:45,DELIVERED,EAST
ORD00825,CUST0401,2024-05-14 18:05:09,DELIVERED,WEST
ORD00826,CUST0490,2025-12-19 08:21:07,DELIVERED,NORTH
ORD00827,CUST0554,2025-11-03 10:05:25,PLACED,WEST
ORD00828,CUST0125,2025-10-23 13:26:42,DELIVERED,EAST
ORD00829,CUST0411,2024-04-28 17:48:23,DELIVERED,NORTH
ORD00830,CUST0375,2026-04-10 12:18:46,CANCELLED,EAST
ORD00831,CUST0083,2026-02-22 00:35:49,DELIVERED,EAST
ORD00832,CUST0664,2024-11-11 12:52:48,SHIPPED,NORTH
ORD00833,CUST0394,2025-11-28 04:58:34,SHIPPED,WEST
ORD00834,CUST0110,2025-07-12 02:13:31,DELIVERED,WEST
ORD00835,CUST0753,2025-01-23 03:52:27,SHIPPED,SOUTH
ORD00836,CUST0026,2025-01-26 11:22:12,DELIVERED,NORTH
ORD00837,CUST0554,2026-01-06 00:31:09,DELIVERED,WEST
ORD00838,CUST0017,2024-02-27 13:03:04,DELIVERED,EAST
ORD00839,CUST0739,2025-02-11 06:07:14,DELIVERED,SOUTH
ORD00840,,2026-05-19 07:40:46,DELIVERED,CENTRAL
ORD00841,CUST0153,2026-06-18 23:34:25,SHIPPED,NORTH
ORD00842,CUST0038,2024-11-19 22:52:31,DELIVERED,NORTH
ORD00843,,2026-06-08 03:38:44,PLACED,SOUTH
ORD00844,CUST0015,2024-09-24 13:54:30,DELIVERED,EAST
ORD00845,CUST0100,2026-05-31 03:56:54,DELIVERED,CENTRAL
ORD00846,CUST0066,2026-02-23 04:54:00,CANCELLED,NORTH
ORD00847,CUST0510,2025-02-20 15:32:23,PLACED,SOUTH
ORD00848,CUST0437,2025-06-08 01:03:45,CANCELLED,WEST
ORD00849,CUST0333,2024-07-06 15:50:28,RETURNED,CENTRAL
ORD00850,CUST0559,2024-08-01 08:00:40,DELIVERED,SOUTH
ORD00851,CUST0783,2024-11-15 09:47:41,DELIVERED,EAST
ORD00852,CUST0065,2024-07-06 13:43:05,DELIVERED,WEST
ORD00853,CUST0173,2025-12-10 07:56:43,DELIVERED,WEST
ORD00854,CUST0250,2026-03-31 01:00:06,PLACED,NORTH
ORD00855,CUST0648,2026-02-01 03:35:27,DELIVERED,NORTH
ORD00856,CUST0499,2025-02-04 16:46:42,PLACED,SOUTH
ORD00857,CUST0092,2025-03-16 18:16:43,DELIVERED,WEST
ORD00858,CUST0709,2024-12-08 13:26:46,SHIPPED,EAST
ORD00859,CUST0536,2026-04-03 22:12:38,DELIVERED,SOUTH
ORD00860,CUST0626,2025-10-31 14:39:18,DELIVERED,WEST
ORD00861,CUST0627,2025-12-03 04:25:01,DELIVERED,EAST
ORD00862,CUST0357,2026-01-19 13:28:08,PLACED,SOUTH
ORD00863,CUST0197,2025-05-29 06:30:16,RETURNED,NORTH
ORD00864,CUST0634,11-03-2026,CANCELLED,CENTRAL
ORD00865,CUST0520,2024-12-06 15:12:24,DELIVERED,SOUTH
ORD00866,CUST0284,2026-01-05 14:38:20,SHIPPED,SOUTH
ORD00867,CUST0702,2026-04-09 11:41:46,DELIVERED,SOUTH
ORD00868,CUST0687,2024-03-07 23:27:58,PLACED,EAST
ORD00869,CUST0292,2025-12-07 09:31:05,DELIVERED,EAST
ORD00870,CUST0632,2026-04-30 23:17:02,PLACED,NORTH
ORD00871,CUST0551,2024-09-30 05:33:55,SHIPPED,NORTH
ORD00872,CUST0497,2025-09-17 22:30:03,SHIPPED,SOUTH
ORD00873,CUST0739,2025-12-20 12:03:44,DELIVERED,EAST
ORD00874,CUST0430,2024-11-19 08:59:40,DELIVERED,EAST
ORD00875,CUST0236,2024-06-20 02:03:03,DELIVERED,NORTH
ORD00876,CUST0243,2026-01-30 11:20:12,CANCELLED,WEST
ORD00877,CUST0226,2025-05-06 02:41:35,DELIVERED,WEST
ORD00878,CUST0056,2026-04-01 06:33:24,SHIPPED,CENTRAL
ORD00879,CUST0466,2025-10-06 03:38:47,DELIVERED,SOUTH
ORD00880,CUST0469,2024-10-28 14:37:12,DELIVERED,EAST
ORD00881,CUST0208,2026-03-31 10:44:03,SHIPPED,CENTRAL
ORD00882,CUST0062,2025-10-30 23:25:13,SHIPPED,WEST
ORD00883,CUST0470,2025-10-11 16:30:52,SHIPPED,EAST
ORD00884,CUST0226,2025-10-25 06:12:33,DELIVERED,CENTRAL
ORD00885,CUST0175,2026-05-12 12:28:56,RETURNED,SOUTH
ORD00886,CUST0089,2025-05-29 18:34:20,CANCELLED,WEST
ORD00887,CUST0222,2026-01-05 12:56:56,CANCELLED,EAST
ORD00888,CUST0015,2025-10-27 01:06:40,DELIVERED,SOUTH
ORD00889,CUST0254,2026-01-28 02:37:09,DELIVERED,SOUTH
ORD00890,CUST0606,2024-12-25 16:59:47,RETURNED,NORTH
ORD00891,CUST0428,2026-06-21 07:57:17,PLACED,WEST
ORD00892,CUST0752,2026-03-18 06:32:50,PLACED,CENTRAL
ORD00893,CUST0404,2026-01-14 12:27:21,CANCELLED,NORTH
ORD00894,CUST0464,2025-12-10 16:46:56,SHIPPED,CENTRAL
ORD00895,CUST0772,2024-01-20 07:09:45,DELIVERED,WEST
ORD00896,CUST0224,2025-03-18 01:55:51,DELIVERED,SOUTH
ORD00897,,2024-05-20 22:38:28,PLACED,EAST
ORD00898,CUST0166,2025-12-14 11:18:18,CANCELLED,CENTRAL
ORD00899,CUST0025,2025-12-14 06:50:49,DELIVERED,SOUTH
ORD00900,CUST0721,2025-09-11 20:27:54,SHIPPED,EAST
ORD00901,CUST0642,2026-06-01 15:06:02,DELIVERED,NORTH
ORD00902,CUST0643,2025-12-26 10:57:31,DELIVERED,EAST
ORD00903,CUST0544,20-02-2024,DELIVERED,EAST
ORD00904,CUST0715,2026-06-12 10:14:56,DELIVERED,CENTRAL
ORD00905,CUST0213,2024-05-05 18:22:18,DELIVERED,EAST
ORD00906,CUST0754,15-03-2025,DELIVERED,EAST
ORD00907,CUST0053,2024-06-21 09:07:57,DELIVERED,WEST
ORD00908,CUST0634,2025-07-04 17:57:10,DELIVERED,SOUTH
ORD00909,CUST0664,2026-05-18 01:13:05,DELIVERED,CENTRAL
ORD00910,CUST0727,06-01-2025,SHIPPED,EAST
ORD00911,CUST0245,2025-08-12 04:52:06,DELIVERED,CENTRAL
ORD00912,CUST0720,2025-01-05 22:50:35,DELIVERED,SOUTH
ORD00913,CUST0329,2025-07-01 22:02:38,CANCELLED,CENTRAL
ORD00914,CUST0697,2026-01-19 11:58:13,DELIVERED,NORTH
ORD00915,CUST0382,2025-06-20 06:58:47,DELIVERED,CENTRAL
ORD00916,CUST0540,2024-07-09 14:56:21,DELIVERED,CENTRAL
ORD00917,CUST0695,2026-04-07 18:17:29,CANCELLED,WEST
ORD00918,CUST0636,2025-03-15 22:44:09,DELIVERED,NORTH
ORD00919,CUST0193,2025-12-12 06:47:04,PLACED,WEST
ORD00920,CUST0184,2025-02-27 23:39:23,RETURNED,NORTH
ORD00921,CUST0112,2024-10-16 23:27:53,DELIVERED,SOUTH
ORD00922,CUST0509,2024-09-03 18:58:28,CANCELLED,CENTRAL
ORD00923,CUST0643,2025-12-07 19:29:19,DELIVERED,CENTRAL
ORD00924,,2026-04-18 02:13:40,DELIVERED,WEST
ORD00925,CUST0756,2026-05-17 08:53:40,PLACED,SOUTH
ORD00926,CUST0065,2024-02-04 05:35:04,CANCELLED,SOUTH
ORD00927,CUST0533,2025-06-05 18:24:57,DELIVERED,EAST
ORD00928,CUST0672,2026-02-17 19:16:03,DELIVERED,WEST
ORD00929,CUST0608,2026-04-03 14:01:46,CANCELLED,WEST
ORD00930,CUST0469,2025-04-17 09:00:40,DELIVERED,EAST
ORD00931,CUST0176,2026-06-07 12:30:29,DELIVERED,WEST
ORD00932,CUST0381,2025-03-23 14:52:20,DELIVERED,NORTH
ORD00933,CUST0152,2025-07-02 13:18:04,DELIVERED,SOUTH
ORD00934,CUST0634,2025-10-05 21:20:26,DELIVERED,EAST
ORD00935,CUST0187,2025-06-01 04:56:06,CANCELLED,SOUTH
ORD00936,CUST0166,2025-01-04 13:45:12,SHIPPED,EAST
ORD00937,CUST0589,2024-07-15 11:16:27,DELIVERED,EAST
ORD00938,CUST0189,2024-12-03 08:22:23,DELIVERED,NORTH
ORD00939,CUST0682,2025-10-19 02:07:47,RETURNED,SOUTH
ORD00940,CUST0382,2025-11-27 14:38:54,DELIVERED,SOUTH
ORD00941,CUST0547,2025-04-13 10:57:47,SHIPPED,NORTH
ORD00942,CUST0415,2026-02-14 19:36:43,DELIVERED,WEST
ORD00943,CUST0328,2025-11-04 14:31:18,PLACED,CENTRAL
ORD00944,CUST0520,2025-05-29 15:02:15,DELIVERED,EAST
ORD00945,,2025-03-26 05:32:25,RETURNED,CENTRAL
ORD00946,,2025-02-16 05:50:04,DELIVERED,WEST
ORD00947,,2026-06-05 15:18:55,SHIPPED,WEST
ORD00948,CUST0042,2025-02-11 07:02:18,DELIVERED,NORTH
ORD00949,CUST0316,2024-08-09 06:13:24,DELIVERED,SOUTH
ORD00950,CUST0457,2025-05-06 14:17:55,PLACED,NORTH
ORD00951,,2024-10-30 03:42:35,DELIVERED,SOUTH
ORD00952,CUST0786,2025-10-04 22:28:08,SHIPPED,NORTH
ORD00953,CUST0552,2025-10-03 23:56:25,DELIVERED,NORTH
ORD00954,CUST0525,2026-03-23 04:17:40,SHIPPED,EAST
ORD00955,CUST0618,2026-03-05 16:11:02,RETURNED,EAST
ORD00956,CUST0408,2025-08-04 10:57:21,DELIVERED,WEST
ORD00957,CUST0379,2025-05-21 21:39:39,DELIVERED,EAST
ORD00958,CUST0354,2025-06-29 19:27:54,DELIVERED,WEST
ORD00959,CUST0575,2026-01-05 00:28:42,SHIPPED,WEST
ORD00960,CUST0760,2026-03-06 09:45:49,CANCELLED,EAST
ORD00961,CUST0168,2025-10-20 09:36:34,DELIVERED,WEST
ORD00962,CUST0143,2024-05-13 17:13:10,SHIPPED,EAST
ORD00963,CUST0487,2026-06-07 19:51:12,DELIVERED,EAST
ORD00964,CUST0068,2026-01-13 19:03:09,DELIVERED,NORTH
ORD00965,,2026-02-20 00:26:59,DELIVERED,EAST
ORD00966,CUST0425,2024-09-28 16:29:02,DELIVERED,CENTRAL
ORD00967,CUST0774,2024-07-31 17:00:36,SHIPPED,WEST
ORD00968,CUST0297,2026-05-10 09:39:20,DELIVERED,EAST
ORD00969,CUST0600,2025-12-06 00:41:14,DELIVERED,WEST
ORD00970,CUST0230,2024-02-19 16:40:05,DELIVERED,SOUTH
ORD00971,CUST0269,2025-04-11 07:07:35,RETURNED,WEST
ORD00972,CUST0128,2025-03-22 21:49:28,DELIVERED,WEST
ORD00973,CUST0705,2026-05-16 19:40:45,SHIPPED,NORTH
ORD00974,CUST0784,2025-12-09 07:42:00,DELIVERED,NORTH
ORD00975,CUST0614,2026-02-15 11:50:34,DELIVERED,CENTRAL
ORD00976,CUST0447,2025-03-14 15:38:20,DELIVERED,WEST
ORD00977,CUST0711,2026-06-09 18:55:47,SHIPPED,CENTRAL
ORD00978,CUST0751,2026-06-12 15:23:05,PLACED,EAST
ORD00979,CUST0167,2026-02-13 21:24:46,PLACED,EAST
ORD00980,CUST0473,2024-07-29 11:42:32,DELIVERED,NORTH
ORD00981,CUST0280,2025-07-10 12:34:28,DELIVERED,EAST
ORD00982,CUST0050,2025-05-12 06:37:20,DELIVERED,NORTH
ORD00983,CUST0527,2025-04-21 12:58:13,DELIVERED,SOUTH
ORD00984,CUST0784,2025-07-20 09:46:08,DELIVERED,SOUTH
ORD00985,CUST0557,2025-11-23 06:54:49,CANCELLED,EAST
ORD00986,CUST0278,2026-03-28 18:57:22,PLACED,CENTRAL
ORD00987,CUST0361,2024-08-11 06:10:38,PLACED,CENTRAL
ORD00988,CUST0289,2025-04-16 17:29:18,DELIVERED,WEST
ORD00989,CUST0349,2025-03-04 15:05:00,SHIPPED,SOUTH
ORD00990,CUST0516,2026-02-04 20:55:37,CANCELLED,CENTRAL
ORD00991,CUST0629,2026-04-18 16:03:37,CANCELLED,CENTRAL
ORD00992,CUST0545,2026-02-25 10:50:28,DELIVERED,NORTH
ORD00993,,2025-05-13 16:10:51,RETURNED,NORTH
ORD00994,CUST0135,2024-01-27 23:57:03,DELIVERED,EAST
ORD00995,CUST0708,2026-02-15 19:23:02,SHIPPED,WEST
ORD00996,CUST0612,2026-03-23 15:22:06,DELIVERED,EAST
ORD00997,CUST0177,2026-04-18 16:41:59,DELIVERED,NORTH
ORD00998,CUST0228,2024-07-18 22:49:24,CANCELLED,SOUTH
ORD00999,CUST0705,2025-06-25 23:39:12,DELIVERED,SOUTH
ORD01000,CUST0134,2025-09-19 12:39:04,DELIVERED,NORTH
ORD01001,CUST0080,2025-10-14 07:17:18,DELIVERED,WEST
ORD01002,CUST0044,2024-12-08 12:14:52,SHIPPED,CENTRAL
ORD01003,CUST0608,2024-04-02 01:34:05,DELIVERED,EAST
ORD01004,CUST0045,2024-04-12 21:52:50,DELIVERED,NORTH
ORD01005,CUST0773,2024-05-29 21:54:53,DELIVERED,CENTRAL
ORD01006,CUST0211,2024-11-06 17:27:04,SHIPPED,EAST
ORD01007,CUST0030,2025-02-15 12:14:56,SHIPPED,EAST
ORD01008,CUST0594,2025-11-18 02:04:17,DELIVERED,CENTRAL
ORD01009,CUST0800,2025-01-10 15:47:49,DELIVERED,NORTH
ORD01010,CUST0102,2026-04-26 07:05:59,DELIVERED,NORTH
ORD01011,,2025-01-08 02:16:28,DELIVERED,EAST
ORD01012,CUST0176,2026-05-24 19:57:21,DELIVERED,NORTH
ORD01013,CUST0220,2026-04-12 14:52:51,CANCELLED,WEST
ORD01014,CUST0376,2024-10-14 13:59:21,DELIVERED,NORTH
ORD01015,CUST0186,2026-05-26 08:43:17,DELIVERED,WEST
ORD01016,CUST0435,2025-07-07 10:21:24,DELIVERED,WEST
ORD01017,CUST0116,2026-01-11 09:42:02,RETURNED,NORTH
ORD01018,CUST0478,2025-08-20 16:26:32,DELIVERED,WEST
ORD01019,CUST0781,2025-05-31 14:11:47,DELIVERED,CENTRAL
ORD01020,CUST0740,2024-12-07 12:59:54,PLACED,WEST
ORD01021,CUST0119,2025-08-20 17:40:47,DELIVERED,CENTRAL
ORD01022,CUST0754,2025-10-01 08:13:49,DELIVERED,WEST
ORD01023,CUST0232,2026-06-24 11:28:52,DELIVERED,WEST
ORD01024,CUST0194,2024-04-23 03:13:02,CANCELLED,WEST
ORD01025,CUST0696,2025-11-05 19:12:29,SHIPPED,WEST
ORD01026,CUST0689,2024-10-03 09:05:31,DELIVERED,CENTRAL
ORD01027,CUST0675,2026-01-18 11:13:19,PLACED,SOUTH
ORD01028,CUST0405,2025-05-27 04:10:40,DELIVERED,NORTH
ORD01029,CUST0760,2025-11-30 12:36:51,PLACED,SOUTH
ORD01030,CUST0347,2025-11-27 18:35:27,DELIVERED,WEST
ORD01031,CUST0126,2025-01-07 21:00:16,CANCELLED,WEST
ORD01032,CUST0286,2026-03-26 23:44:57,DELIVERED,WEST
ORD01033,CUST0365,2026-01-09 04:05:22,DELIVERED,WEST
ORD01034,,2025-09-15 05:27:27,DELIVERED,WEST
ORD01035,CUST0111,2025-03-14 21:47:16,DELIVERED,WEST
ORD01036,CUST0237,2024-07-28 02:33:51,PLACED,NORTH
ORD01037,,2026-06-16 21:54:27,DELIVERED,SOUTH
ORD01038,CUST0392,2026-03-03 14:15:40,DELIVERED,SOUTH
ORD01039,CUST0311,2024-09-06 15:34:40,DELIVERED,CENTRAL
ORD01040,CUST0786,2025-12-27 03:31:12,DELIVERED,SOUTH
ORD01041,CUST0301,2026-01-15 06:18:44,DELIVERED,CENTRAL
ORD01042,CUST0268,2026-04-08 07:56:41,DELIVERED,CENTRAL
ORD01043,CUST0560,2025-12-24 10:20:59,RETURNED,NORTH
ORD01044,CUST0441,2024-07-04 01:38:29,DELIVERED,EAST
ORD01045,CUST0386,2025-12-02 17:50:40,DELIVERED,NORTH
ORD01046,CUST0182,2025-07-18 18:19:13,CANCELLED,SOUTH
ORD01047,CUST0504,2025-10-31 00:57:21,SHIPPED,WEST
ORD01048,CUST0500,2025-12-10 11:30:50,DELIVERED,WEST
ORD01049,CUST0676,2026-05-10 06:33:36,DELIVERED,CENTRAL
ORD01050,CUST0482,2025-12-10 19:48:45,DELIVERED,SOUTH
ORD01051,CUST0519,2024-06-28 14:01:50,DELIVERED,WEST
ORD01052,CUST0606,2025-06-21 10:39:34,DELIVERED,EAST
ORD01053,CUST0785,2025-07-27 22:18:00,DELIVERED,NORTH
ORD01054,CUST0605,2025-03-20 01:04:08,SHIPPED,EAST
ORD01055,CUST0358,2026-06-26 03:52:01,PLACED,EAST
ORD01056,CUST0390,2024-05-31 05:28:22,DELIVERED,EAST
ORD01057,CUST0422,2025-06-29 16:16:02,PLACED,SOUTH
ORD01058,CUST0254,2025-12-23 02:50:10,DELIVERED,CENTRAL
ORD01059,CUST0087,2024-04-11 18:01:32,CANCELLED,NORTH
ORD01060,CUST0346,2025-01-11 20:54:52,PLACED,EAST
ORD01061,CUST0039,2026-05-01 23:58:25,DELIVERED,WEST
ORD01062,CUST0582,2026-03-10 15:38:13,RETURNED,EAST
ORD01063,CUST0021,2025-12-30 15:40:53,DELIVERED,EAST
ORD01064,CUST0387,2025-10-14 07:28:05,DELIVERED,NORTH
ORD01065,CUST0501,2024-06-04 10:23:00,DELIVERED,SOUTH
ORD01066,CUST0345,2026-04-25 21:52:19,DELIVERED,EAST
ORD01067,CUST0171,2026-03-09 13:13:20,DELIVERED,WEST
ORD01068,CUST0207,2026-02-21 23:55:32,DELIVERED,NORTH
ORD01069,CUST0549,2026-03-11 03:22:16,DELIVERED,NORTH
ORD01070,CUST0305,2025-11-16 11:12:02,DELIVERED,SOUTH
ORD01071,CUST0640,22-05-2024,DELIVERED,CENTRAL
ORD01072,CUST0098,2025-06-07 06:13:59,DELIVERED,CENTRAL
ORD01073,CUST0544,2026-01-08 07:17:20,DELIVERED,EAST
ORD01074,CUST0079,2026-03-25 01:31:35,CANCELLED,CENTRAL
ORD01075,CUST0308,2026-01-02 03:01:05,DELIVERED,EAST
ORD01076,CUST0205,2026-01-04 14:45:17,DELIVERED,CENTRAL
ORD01077,CUST0528,2025-12-05 01:35:13,DELIVERED,CENTRAL
ORD01078,CUST0185,2024-05-23 21:34:55,DELIVERED,CENTRAL
ORD01079,CUST0192,2026-06-15 02:16:36,DELIVERED,WEST
ORD01080,CUST0275,2026-04-07 13:12:58,CANCELLED,WEST
ORD01081,CUST0580,2024-04-03 00:33:00,DELIVERED,EAST
ORD01082,CUST0474,2024-10-13 12:17:02,SHIPPED,EAST
ORD01083,CUST0446,2026-01-26 15:48:20,DELIVERED,NORTH
ORD01084,CUST0650,2025-01-27 05:11:37,CANCELLED,EAST
ORD01085,CUST0294,2025-07-27 17:30:30,DELIVERED,CENTRAL
ORD01086,CUST0242,2025-09-22 11:46:44,SHIPPED,SOUTH
ORD01087,CUST0197,2025-03-20 12:26:35,SHIPPED,EAST
ORD01088,CUST0476,2025-08-24 00:10:58,DELIVERED,WEST
ORD01089,CUST0433,2024-05-07 11:35:57,SHIPPED,EAST
ORD01090,CUST0140,2024-02-28 06:29:15,DELIVERED,EAST
ORD01091,CUST0675,12-10-2025,SHIPPED,NORTH
ORD01092,CUST0740,2025-11-18 08:45:02,DELIVERED,NORTH
ORD01093,CUST0086,2026-01-07 19:36:32,DELIVERED,NORTH
ORD01094,CUST0417,2026-02-16 06:54:19,DELIVERED,NORTH
ORD01095,,2024-08-06 08:27:44,SHIPPED,CENTRAL
ORD01096,CUST0753,2025-09-21 13:18:30,RETURNED,CENTRAL
ORD01097,CUST0681,2026-06-20 15:36:58,RETURNED,CENTRAL
ORD01098,CUST0258,2026-03-22 05:02:18,CANCELLED,SOUTH
ORD01099,CUST0615,2024-07-08 22:48:38,DELIVERED,EAST
ORD01100,CUST0338,2026-06-26 17:15:37,DELIVERED,SOUTH
ORD01101,CUST0434,2025-01-26 15:56:30,SHIPPED,SOUTH
ORD01102,,2025-10-16 05:55:59,DELIVERED,EAST
ORD01103,CUST0604,2024-03-27 21:03:00,DELIVERED,EAST
ORD01104,CUST0717,2024-06-24 11:30:15,DELIVERED,WEST
ORD01105,CUST0487,2026-01-15 07:10:01,SHIPPED,EAST
ORD01106,CUST0149,2025-07-12 22:46:24,DELIVERED,EAST
ORD01107,CUST0316,2024-08-06 08:51:06,DELIVERED,CENTRAL
ORD01108,CUST0036,2025-07-05 11:09:58,DELIVERED,SOUTH
ORD01109,CUST0260,2025-12-09 14:17:26,DELIVERED,EAST
ORD01110,CUST0702,2025-07-09 19:14:49,DELIVERED,SOUTH
ORD01111,CUST0454,2026-02-04 20:48:44,PLACED,WEST
ORD01112,CUST0262,2026-02-22 10:14:25,PLACED,SOUTH
ORD01113,CUST0305,2025-02-07 09:53:18,CANCELLED,SOUTH
ORD01114,CUST0450,2025-11-07 09:16:02,DELIVERED,WEST
ORD01115,CUST0035,2026-02-23 10:12:19,CANCELLED,WEST
ORD01116,CUST0483,2026-03-20 09:04:42,RETURNED,EAST
ORD01117,CUST0735,2025-10-18 02:56:44,CANCELLED,NORTH
ORD01118,CUST0165,2026-04-23 12:39:06,DELIVERED,NORTH
ORD01119,CUST0361,2025-10-15 19:11:26,DELIVERED,CENTRAL
ORD01120,CUST0756,2026-01-13 21:42:06,DELIVERED,NORTH
ORD01121,CUST0781,2024-10-03 11:11:32,DELIVERED,SOUTH
ORD01122,CUST0646,2025-11-19 19:20:07,DELIVERED,SOUTH
ORD01123,CUST0004,2025-09-14 09:45:23,SHIPPED,EAST
ORD01124,,2026-01-29 14:55:55,PLACED,SOUTH
ORD01125,CUST0256,2025-09-10 01:06:30,CANCELLED,WEST
ORD01126,CUST0328,2026-02-27 08:11:27,DELIVERED,SOUTH
ORD01127,CUST0267,2025-01-19 17:53:00,DELIVERED,EAST
ORD01128,CUST0289,2024-12-02 07:21:36,PLACED,EAST
ORD01129,CUST0187,2025-11-17 15:15:47,CANCELLED,CENTRAL
ORD01130,CUST0230,2024-02-10 05:02:35,RETURNED,CENTRAL
ORD01131,CUST0663,2026-04-18 08:33:56,DELIVERED,NORTH
ORD01132,CUST0474,2024-12-30 23:53:59,DELIVERED,SOUTH
ORD01133,,2025-09-14 23:39:54,DELIVERED,CENTRAL
ORD01134,CUST0267,2024-12-31 22:14:38,PLACED,EAST
ORD01135,CUST0175,2026-05-08 07:05:13,SHIPPED,CENTRAL
ORD01136,CUST0446,2026-03-01 09:43:39,CANCELLED,WEST
ORD01137,CUST0122,2025-11-19 08:41:02,DELIVERED,SOUTH
ORD01138,CUST0273,2025-03-23 08:00:01,DELIVERED,WEST
ORD01139,CUST0134,2026-02-03 12:05:14,CANCELLED,CENTRAL
ORD01140,CUST0221,2025-06-28 13:47:00,DELIVERED,SOUTH
ORD01141,CUST0429,2025-02-22 02:20:17,DELIVERED,SOUTH
ORD01142,CUST0030,2025-07-20 09:35:19,RETURNED,SOUTH
ORD01143,CUST0633,2026-01-16 13:37:46,RETURNED,EAST
ORD01144,CUST0597,2026-06-20 17:20:43,DELIVERED,NORTH
ORD01145,CUST0481,2025-06-09 11:07:11,CANCELLED,WEST
ORD01146,CUST0704,2024-12-10 16:02:52,DELIVERED,WEST
ORD01147,CUST0754,2026-05-10 20:32:21,DELIVERED,NORTH
ORD01148,CUST0571,2024-04-01 06:26:42,PLACED,SOUTH
ORD01149,CUST0483,2026-02-25 14:19:51,RETURNED,CENTRAL
ORD01150,CUST0727,2024-05-03 16:48:20,PLACED,CENTRAL
ORD01151,CUST0635,2026-03-10 23:17:53,DELIVERED,WEST
ORD01152,CUST0688,2025-03-17 02:05:59,SHIPPED,CENTRAL
ORD01153,CUST0043,2025-09-24 07:44:26,DELIVERED,CENTRAL
ORD01154,CUST0505,2026-05-08 14:33:04,DELIVERED,WEST
ORD01155,CUST0136,2025-06-23 15:09:34,DELIVERED,CENTRAL
ORD01156,CUST0444,2024-11-20 06:31:41,DELIVERED,EAST
ORD01157,CUST0046,2024-08-06 15:23:41,DELIVERED,EAST
ORD01158,CUST0766,2026-04-08 00:57:46,RETURNED,EAST
ORD01159,CUST0270,2025-02-13 17:36:31,DELIVERED,WEST
ORD01160,CUST0169,2025-05-05 04:17:33,DELIVERED,WEST
ORD01161,CUST0783,2025-02-05 11:46:45,DELIVERED,WEST
ORD01162,CUST0055,2025-01-30 11:26:47,SHIPPED,SOUTH
ORD01163,CUST0188,2024-04-23 17:02:29,DELIVERED,SOUTH
ORD01164,CUST0723,2025-12-26 15:58:28,DELIVERED,WEST
ORD01165,,2025-10-03 22:31:24,DELIVERED,CENTRAL
ORD01166,CUST0497,2025-08-04 13:15:33,DELIVERED,SOUTH
ORD01167,CUST0127,2026-04-15 18:32:53,PLACED,EAST
ORD01168,CUST0185,2025-01-11 10:29:32,DELIVERED,EAST
ORD01169,CUST0577,2025-10-13 23:21:04,DELIVERED,NORTH
ORD01170,CUST0539,2026-03-03 15:04:33,DELIVERED,WEST
ORD01171,CUST0079,2025-05-14 04:42:25,DELIVERED,NORTH
ORD01172,CUST0337,2025-06-11 03:58:11,DELIVERED,NORTH
ORD01173,CUST0404,2025-08-03 07:15:47,DELIVERED,NORTH
ORD01174,CUST0332,2024-08-26 21:09:54,PLACED,WEST
ORD01175,CUST0725,2026-04-09 03:21:07,DELIVERED,EAST
ORD01176,CUST0609,2025-05-07 12:13:11,DELIVERED,NORTH
ORD01177,CUST0672,2026-01-30 09:43:18,RETURNED,EAST
ORD01178,CUST0750,2026-06-03 03:45:52,SHIPPED,NORTH
ORD01179,CUST0660,2025-03-15 13:17:24,DELIVERED,NORTH
ORD01180,CUST0762,2025-06-06 22:23:33,DELIVERED,CENTRAL
ORD01181,CUST0391,2026-01-06 22:38:16,DELIVERED,SOUTH
ORD01182,CUST0246,2026-02-13 18:11:52,CANCELLED,NORTH
ORD01183,CUST0022,2025-11-26 20:46:35,SHIPPED,WEST
ORD01184,CUST0292,2026-05-26 08:02:34,DELIVERED,SOUTH
ORD01185,CUST0124,2025-06-28 18:37:34,DELIVERED,WEST
ORD01186,CUST0754,2025-09-29 20:42:26,RETURNED,CENTRAL
ORD01187,CUST0135,2025-07-11 18:08:24,DELIVERED,EAST
ORD01188,CUST0525,2026-01-06 14:56:06,DELIVERED,WEST
ORD01189,CUST0488,2025-04-23 12:49:07,DELIVERED,WEST
ORD01190,CUST0093,2026-02-01 09:17:48,CANCELLED,CENTRAL
ORD01191,CUST0191,2026-03-23 14:09:37,DELIVERED,NORTH
ORD01192,CUST0042,2025-11-28 17:22:42,DELIVERED,WEST
ORD01193,CUST0693,2024-12-14 07:54:29,DELIVERED,SOUTH
ORD01194,CUST0508,2026-05-18 13:11:15,DELIVERED,CENTRAL
ORD01195,CUST0086,2025-12-20 19:05:49,DELIVERED,NORTH
ORD01196,CUST0490,2025-10-27 15:52:05,SHIPPED,SOUTH
ORD01197,CUST0701,2026-06-01 15:40:18,DELIVERED,SOUTH
ORD01198,CUST0536,2026-03-26 02:44:57,DELIVERED,NORTH
ORD01199,CUST0565,2025-07-11 17:20:05,RETURNED,CENTRAL
ORD01200,CUST0111,2026-01-10 15:14:07,DELIVERED,NORTH
ORD01201,CUST0476,2026-01-07 07:14:05,DELIVERED,EAST
ORD01202,CUST0364,2025-03-08 22:56:18,DELIVERED,CENTRAL
ORD01203,CUST0017,2024-06-25 23:49:22,DELIVERED,WEST
ORD01204,CUST0184,2026-03-21 15:24:11,SHIPPED,WEST
ORD01205,CUST0047,2024-05-09 09:17:50,DELIVERED,EAST
ORD01206,CUST0322,2026-02-03 01:10:43,DELIVERED,WEST
ORD01207,CUST0639,2026-04-21 17:33:33,DELIVERED,SOUTH
ORD01208,CUST0217,2025-06-05 18:16:44,PLACED,CENTRAL
ORD01209,CUST0266,2025-05-29 14:08:49,DELIVERED,NORTH
ORD01210,CUST0006,2025-09-05 12:12:03,SHIPPED,SOUTH
ORD01211,CUST0672,2025-10-09 14:09:32,DELIVERED,WEST
ORD01212,CUST0674,2026-06-30 01:45:59,DELIVERED,WEST
ORD01213,CUST0311,2025-10-22 08:56:37,DELIVERED,WEST
ORD01214,CUST0310,2024-07-06 03:16:28,SHIPPED,NORTH
ORD01215,CUST0196,2024-06-30 20:24:01,CANCELLED,SOUTH
ORD01216,CUST0028,2025-09-28 12:19:12,DELIVERED,SOUTH
ORD01217,CUST0666,2024-11-22 19:06:35,DELIVERED,CENTRAL
ORD01218,CUST0196,2024-05-21 17:48:00,DELIVERED,WEST
ORD01219,CUST0152,2026-01-06 07:35:38,DELIVERED,NORTH
ORD01220,CUST0171,2025-03-15 09:21:23,DELIVERED,WEST
ORD01221,CUST0497,2025-08-15 05:11:44,PLACED,WEST
ORD01222,CUST0600,2025-11-12 05:28:20,SHIPPED,CENTRAL
ORD01223,CUST0402,2024-07-13 02:30:59,DELIVERED,NORTH
ORD01224,CUST0646,2025-11-01 18:13:17,RETURNED,WEST
ORD01225,CUST0755,2025-11-12 11:01:40,DELIVERED,CENTRAL
ORD01226,CUST0298,26-06-2025,DELIVERED,WEST
ORD01227,CUST0526,2026-02-13 22:17:10,SHIPPED,NORTH
ORD01228,CUST0541,2025-07-16 09:16:33,DELIVERED,EAST
ORD01229,CUST0567,2025-10-05 15:57:41,DELIVERED,WEST
ORD01230,CUST0485,2024-06-30 15:52:00,DELIVERED,EAST
ORD01231,CUST0460,2026-02-20 19:55:00,PLACED,EAST
ORD01232,CUST0744,2024-10-25 13:47:01,DELIVERED,WEST
ORD01233,CUST0238,2026-03-28 07:01:11,SHIPPED,EAST
ORD01234,CUST0617,2025-12-28 17:43:34,SHIPPED,EAST
ORD01235,CUST0741,2025-08-29 10:05:39,RETURNED,EAST
ORD01236,CUST0484,2024-09-08 16:45:28,DELIVERED,EAST
ORD01237,CUST0708,2025-10-31 11:22:00,DELIVERED,SOUTH
ORD01238,CUST0178,2024-12-01 21:18:39,SHIPPED,WEST
ORD01239,CUST0104,2026-06-04 07:35:06,DELIVERED,WEST
ORD01240,CUST0311,2025-04-09 14:57:18,SHIPPED,NORTH
ORD01241,CUST0019,2025-07-11 08:32:22,CANCELLED,EAST
ORD01242,CUST0694,2025-09-28 14:18:36,SHIPPED,CENTRAL
ORD01243,CUST0033,2024-04-08 21:37:30,DELIVERED,NORTH
ORD01244,,2025-02-02 03:37:31,SHIPPED,SOUTH
ORD01245,CUST0499,2025-06-22 06:09:10,RETURNED,EAST
ORD01246,CUST0788,2024-03-13 12:13:14,DELIVERED,CENTRAL
ORD01247,CUST0274,2026-06-24 02:17:11,SHIPPED,CENTRAL
ORD01248,CUST0619,2025-07-06 21:20:52,DELIVERED,WEST
ORD01249,CUST0469,2024-06-21 07:48:05,RETURNED,CENTRAL
ORD01250,CUST0625,2024-06-07 05:54:56,CANCELLED,NORTH
ORD01251,CUST0520,2024-06-12 18:00:36,SHIPPED,NORTH
ORD01252,CUST0211,2025-07-15 18:51:29,SHIPPED,EAST
ORD01253,CUST0726,2025-11-16 20:58:50,DELIVERED,WEST
ORD01254,CUST0751,2024-06-03 05:57:27,SHIPPED,EAST
ORD01255,CUST0343,2024-08-02 00:31:47,SHIPPED,SOUTH
ORD01256,CUST0450,2025-05-23 22:08:19,DELIVERED,NORTH
ORD01257,CUST0252,2026-04-13 21:43:28,DELIVERED,CENTRAL
ORD01258,CUST0176,2025-09-07 02:26:13,DELIVERED,WEST
ORD01259,CUST0370,2025-01-16 07:05:13,SHIPPED,CENTRAL
ORD01260,CUST0432,2024-12-24 11:14:30,SHIPPED,WEST
ORD01261,CUST0424,2025-07-07 22:04:43,CANCELLED,CENTRAL
ORD01262,CUST0699,2025-07-15 23:55:33,RETURNED,WEST
ORD01263,CUST0150,2024-05-15 10:54:53,DELIVERED,CENTRAL
ORD01264,CUST0072,2024-07-17 16:45:39,DELIVERED,WEST
ORD01265,CUST0791,2026-01-28 21:48:30,DELIVERED,WEST
ORD01266,CUST0778,2025-07-03 09:44:19,DELIVERED,SOUTH
ORD01267,CUST0589,2024-03-30 19:18:23,RETURNED,CENTRAL
ORD01268,CUST0303,2025-10-13 08:50:04,DELIVERED,CENTRAL
ORD01269,CUST0312,2025-05-02 07:24:21,RETURNED,NORTH
ORD01270,CUST0287,2026-03-30 21:30:07,DELIVERED,SOUTH
ORD01271,CUST0718,2026-01-17 20:58:32,DELIVERED,SOUTH
ORD01272,CUST0558,2025-11-17 20:18:58,DELIVERED,WEST
ORD01273,CUST0795,2025-12-18 14:55:46,CANCELLED,NORTH
ORD01274,CUST0038,2025-09-15 14:48:00,DELIVERED,SOUTH
ORD01275,CUST0533,2026-04-20 02:07:15,DELIVERED,NORTH
ORD01276,CUST0524,2026-03-22 07:01:00,DELIVERED,EAST
ORD01277,CUST0776,2026-04-19 21:01:06,SHIPPED,NORTH
ORD01278,CUST0553,2026-03-03 11:10:02,SHIPPED,EAST
ORD01279,CUST0744,2025-10-18 17:06:31,RETURNED,NORTH
ORD01280,CUST0750,2024-04-03 02:56:20,CANCELLED,EAST
ORD01281,CUST0643,2026-06-14 02:14:13,DELIVERED,NORTH
ORD01282,CUST0775,2025-12-25 10:45:08,DELIVERED,CENTRAL
ORD01283,CUST0755,2024-08-24 01:11:05,DELIVERED,SOUTH
ORD01284,CUST0764,2026-06-22 11:23:21,DELIVERED,CENTRAL
ORD01285,CUST0610,2024-12-29 06:06:31,DELIVERED,EAST
ORD01286,CUST0683,2026-06-26 13:31:55,CANCELLED,CENTRAL
ORD01287,,2024-11-26 10:30:55,DELIVERED,CENTRAL
ORD01288,CUST0756,2025-12-14 04:06:35,SHIPPED,CENTRAL
ORD01289,CUST0597,2025-07-02 13:29:24,CANCELLED,EAST
ORD01290,CUST0466,2025-09-05 01:18:46,SHIPPED,WEST
ORD01291,CUST0422,2024-05-07 07:12:42,PLACED,WEST
ORD01292,CUST0134,2026-02-20 23:00:01,SHIPPED,NORTH
ORD01293,CUST0379,2026-01-02 16:53:05,DELIVERED,CENTRAL
ORD01294,CUST0573,2026-03-13 01:50:09,DELIVERED,EAST
ORD01295,CUST0599,2026-04-11 17:24:26,DELIVERED,WEST
ORD01296,CUST0706,2026-01-30 11:24:49,DELIVERED,WEST
ORD01297,CUST0167,2025-08-28 01:24:14,DELIVERED,WEST
ORD01298,CUST0729,2026-01-29 18:11:33,SHIPPED,CENTRAL
ORD01299,CUST0542,2024-08-07 09:31:37,DELIVERED,WEST
ORD01300,CUST0485,2024-02-20 15:41:29,DELIVERED,CENTRAL
ORD01301,CUST0379,26-10-2024,DELIVERED,WEST
ORD01302,CUST0113,2025-04-25 21:06:48,DELIVERED,EAST
ORD01303,CUST0042,2025-12-06 01:16:44,SHIPPED,EAST
ORD01304,CUST0313,2025-05-30 20:26:09,DELIVERED,WEST
ORD01305,CUST0029,2024-08-09 22:33:25,SHIPPED,CENTRAL
ORD01306,CUST0432,2024-03-20 13:50:32,RETURNED,EAST
ORD01307,CUST0291,2024-11-30 21:27:33,SHIPPED,WEST
ORD01308,CUST0003,2024-07-09 00:42:53,DELIVERED,NORTH
ORD01309,,2025-10-30 16:19:48,DELIVERED,EAST
ORD01310,CUST0580,2025-12-03 17:44:27,RETURNED,WEST
ORD01311,CUST0487,2026-05-13 03:27:41,DELIVERED,CENTRAL
ORD01312,CUST0136,2025-07-31 14:14:33,DELIVERED,WEST
ORD01313,CUST0780,18-12-2025,DELIVERED,SOUTH
ORD01314,CUST0746,2025-12-01 07:14:07,PLACED,CENTRAL
ORD01315,CUST0681,2025-09-28 08:03:03,DELIVERED,WEST
ORD01316,CUST0348,2026-01-19 02:26:01,PLACED,WEST
ORD01317,CUST0754,2025-09-04 10:38:47,DELIVERED,SOUTH
ORD01318,CUST0725,2025-08-05 15:11:27,DELIVERED,EAST
ORD01319,CUST0575,2026-01-19 01:43:41,DELIVERED,NORTH
ORD01320,CUST0198,2026-04-21 17:02:52,DELIVERED,NORTH
ORD01321,CUST0584,2025-08-08 06:11:44,SHIPPED,WEST
ORD01322,CUST0515,2024-10-09 11:55:24,SHIPPED,CENTRAL
ORD01323,CUST0185,2024-05-24 11:23:11,DELIVERED,SOUTH
ORD01324,CUST0252,2026-03-22 01:02:15,PLACED,CENTRAL
ORD01325,CUST0622,2025-05-12 18:32:22,DELIVERED,NORTH
ORD01326,CUST0504,2024-02-06 03:19:00,DELIVERED,SOUTH
ORD01327,CUST0425,2024-02-07 08:54:27,CANCELLED,EAST
ORD01328,CUST0392,2025-06-06 18:08:29,PLACED,NORTH
ORD01329,CUST0555,2024-09-18 05:18:35,DELIVERED,SOUTH
ORD01330,CUST0262,2026-05-24 04:33:33,PLACED,EAST
ORD01331,CUST0418,2025-10-16 09:56:59,PLACED,EAST
ORD01332,CUST0186,2024-09-06 02:30:27,DELIVERED,EAST
ORD01333,CUST0400,2024-06-02 09:27:04,DELIVERED,WEST
ORD01334,CUST0332,2025-02-04 16:29:14,DELIVERED,NORTH
ORD01335,CUST0054,2025-02-12 15:57:50,SHIPPED,CENTRAL
ORD01336,CUST0601,2025-01-02 09:01:40,DELIVERED,CENTRAL
ORD01337,CUST0395,2025-10-02 16:38:10,DELIVERED,EAST
ORD01338,CUST0476,2025-10-15 14:55:27,DELIVERED,WEST
ORD01339,CUST0030,2025-10-19 12:14:05,DELIVERED,NORTH
ORD01340,CUST0276,2026-02-17 04:21:20,RETURNED,NORTH
ORD01341,CUST0253,2026-05-11 16:59:33,DELIVERED,SOUTH
ORD01342,CUST0312,2026-06-01 17:43:58,DELIVERED,NORTH
ORD01343,CUST0652,2025-09-06 16:44:08,SHIPPED,SOUTH
ORD01344,CUST0383,2026-04-19 18:31:37,RETURNED,SOUTH
ORD01345,CUST0551,2025-10-20 06:38:11,RETURNED,CENTRAL
ORD01346,,2025-09-11 05:31:49,PLACED,WEST
ORD01347,CUST0636,2025-01-13 16:00:02,DELIVERED,SOUTH
ORD01348,CUST0001,2024-04-03 11:29:15,RETURNED,WEST
ORD01349,CUST0280,2026-01-10 09:03:45,DELIVERED,WEST
ORD01350,CUST0360,2026-06-04 08:11:42,DELIVERED,CENTRAL
ORD01351,CUST0523,2025-10-07 06:00:40,PLACED,CENTRAL
ORD01352,CUST0577,25-06-2025,DELIVERED,WEST
ORD01353,CUST0716,2024-12-26 12:27:24,CANCELLED,CENTRAL
ORD01354,CUST0287,2025-11-02 00:43:36,SHIPPED,CENTRAL
ORD01355,CUST0326,2025-09-25 06:22:05,DELIVERED,WEST
ORD01356,CUST0280,2025-04-12 00:26:07,DELIVERED,EAST
ORD01357,CUST0350,23-11-2024,DELIVERED,CENTRAL
ORD01358,CUST0337,2025-06-03 07:55:27,RETURNED,SOUTH
ORD01359,CUST0662,2025-12-03 19:05:03,DELIVERED,NORTH
ORD01360,CUST0010,2024-11-15 13:53:30,DELIVERED,WEST
ORD01361,CUST0781,2025-06-25 02:09:23,DELIVERED,NORTH
ORD01362,CUST0552,2024-11-16 00:54:12,CANCELLED,WEST
ORD01363,CUST0689,2024-10-31 17:16:00,DELIVERED,WEST
ORD01364,CUST0616,2025-11-05 00:57:54,DELIVERED,NORTH
ORD01365,CUST0128,2025-12-19 18:25:40,DELIVERED,SOUTH
ORD01366,,2024-11-04 06:32:40,SHIPPED,NORTH
ORD01367,CUST0777,2025-03-12 17:27:11,DELIVERED,EAST
ORD01368,CUST0197,2025-05-07 21:05:50,CANCELLED,EAST
ORD01369,CUST0736,2024-12-09 12:58:59,SHIPPED,WEST
ORD01370,CUST0372,2024-04-10 03:51:21,DELIVERED,CENTRAL
ORD01371,CUST0215,2024-01-12 02:01:37,SHIPPED,WEST
ORD01372,CUST0114,2025-03-11 20:15:58,DELIVERED,WEST
ORD01373,,2026-05-02 07:00:38,SHIPPED,CENTRAL
ORD01374,CUST0689,2025-01-20 16:11:22,PLACED,SOUTH
ORD01375,CUST0764,2024-04-11 01:12:52,SHIPPED,CENTRAL
ORD01376,CUST0234,14-06-2026,DELIVERED,EAST
ORD01377,CUST0197,2025-03-16 22:56:29,RETURNED,CENTRAL
ORD01378,CUST0630,2025-06-10 10:47:25,DELIVERED,WEST
ORD01379,CUST0003,2025-10-25 11:58:54,DELIVERED,NORTH
ORD01380,CUST0331,2025-11-11 23:16:56,CANCELLED,WEST
ORD01381,CUST0281,2025-11-17 06:29:28,DELIVERED,WEST
ORD01382,CUST0508,2026-01-09 18:19:24,DELIVERED,NORTH
ORD01383,CUST0739,02-07-2025,PLACED,WEST
ORD01384,,2026-01-19 07:41:32,DELIVERED,WEST
ORD01385,CUST0200,2025-06-03 22:44:14,PLACED,CENTRAL
ORD01386,CUST0026,2025-01-06 12:01:17,RETURNED,WEST
ORD01387,CUST0077,2026-03-15 02:01:16,SHIPPED,EAST
ORD01388,CUST0319,01-11-2024,DELIVERED,NORTH
ORD01389,CUST0029,2026-01-15 14:26:42,DELIVERED,NORTH
ORD01390,CUST0607,2025-06-03 07:42:06,CANCELLED,SOUTH
ORD01391,CUST0111,2025-12-12 20:06:22,SHIPPED,EAST
ORD01392,CUST0056,2026-02-20 13:16:11,DELIVERED,SOUTH
ORD01393,CUST0075,2026-04-03 00:09:09,DELIVERED,NORTH
ORD01394,CUST0641,2026-03-16 16:38:11,DELIVERED,NORTH
ORD01395,CUST0063,2025-02-01 21:34:16,DELIVERED,NORTH
ORD01396,CUST0131,2024-07-28 03:48:19,RETURNED,WEST
ORD01397,CUST0057,2025-04-13 07:39:22,DELIVERED,WEST
ORD01398,CUST0068,2024-12-30 02:12:13,DELIVERED,CENTRAL
ORD01399,CUST0054,2025-07-06 03:17:38,CANCELLED,WEST
ORD01400,CUST0099,2025-09-30 15:13:02,SHIPPED,CENTRAL
ORD01401,CUST0676,2024-01-17 11:26:26,DELIVERED,WEST
ORD01402,CUST0439,2026-05-25 17:33:55,DELIVERED,EAST
ORD01403,CUST0667,2026-01-19 21:22:46,DELIVERED,WEST
ORD01404,CUST0530,2025-05-24 19:56:48,DELIVERED,NORTH
ORD01405,CUST0106,2024-05-26 13:04:32,DELIVERED,NORTH
ORD01406,CUST0608,2024-10-27 18:28:23,RETURNED,SOUTH
ORD01407,CUST0653,2026-01-11 06:32:47,DELIVERED,WEST
ORD01408,CUST0493,2025-12-30 19:57:08,DELIVERED,SOUTH
ORD01409,CUST0249,2025-12-29 11:12:09,DELIVERED,NORTH
ORD01410,CUST0131,2025-02-07 01:53:28,DELIVERED,CENTRAL
ORD01411,CUST0668,2025-09-13 20:49:29,DELIVERED,CENTRAL
ORD01412,CUST0795,2025-11-28 13:19:13,SHIPPED,EAST
ORD01413,CUST0618,2025-06-16 16:15:01,DELIVERED,NORTH
ORD01414,CUST0531,30-06-2026,DELIVERED,SOUTH
ORD01415,CUST0059,2025-04-07 09:13:15,DELIVERED,CENTRAL
ORD01416,CUST0056,2026-03-26 21:53:41,DELIVERED,SOUTH
ORD01417,CUST0656,2026-01-03 03:53:26,DELIVERED,EAST
ORD01418,CUST0194,2026-01-14 00:18:56,DELIVERED,WEST
ORD01419,CUST0615,2025-05-29 09:59:47,CANCELLED,CENTRAL
ORD01420,CUST0344,2026-02-02 06:29:50,DELIVERED,EAST
ORD01421,CUST0167,2025-08-12 17:15:11,DELIVERED,NORTH
ORD01422,CUST0508,2025-09-21 10:01:19,RETURNED,SOUTH
ORD01423,,2025-07-05 20:37:07,DELIVERED,SOUTH
ORD01424,CUST0245,2026-05-24 09:45:31,DELIVERED,EAST
ORD01425,CUST0758,2026-01-29 23:45:07,SHIPPED,SOUTH
ORD01426,CUST0007,2026-02-01 21:42:03,PLACED,EAST
ORD01427,CUST0031,11-05-2026,SHIPPED,EAST
ORD01428,CUST0451,2025-05-20 23:56:34,DELIVERED,EAST
ORD01429,CUST0045,2024-02-16 02:45:30,SHIPPED,EAST
ORD01430,,2026-02-01 12:21:28,CANCELLED,SOUTH
ORD01431,,2026-05-18 03:35:28,DELIVERED,SOUTH
ORD01432,CUST0201,2024-06-07 09:16:51,SHIPPED,EAST
ORD01433,CUST0104,2024-10-12 07:21:07,CANCELLED,SOUTH
ORD01434,CUST0389,2024-06-21 09:13:28,DELIVERED,SOUTH
ORD01435,CUST0313,2025-08-02 08:15:10,SHIPPED,EAST
ORD01436,CUST0677,2024-09-23 04:45:23,RETURNED,CENTRAL
ORD01437,CUST0445,2024-04-11 13:27:02,SHIPPED,SOUTH
ORD01438,CUST0195,2025-08-06 21:11:53,DELIVERED,EAST
ORD01439,CUST0326,2026-02-07 06:25:04,RETURNED,SOUTH
ORD01440,CUST0048,2024-10-20 18:14:22,CANCELLED,EAST
ORD01441,CUST0153,2025-05-24 00:49:06,SHIPPED,EAST
ORD01442,CUST0130,2026-02-28 13:39:34,RETURNED,WEST
ORD01443,CUST0215,2024-05-06 11:05:56,DELIVERED,CENTRAL
ORD01444,CUST0067,2026-02-19 00:35:37,DELIVERED,CENTRAL
ORD01445,CUST0384,2026-05-12 12:41:58,DELIVERED,SOUTH
ORD01446,CUST0330,2026-05-16 08:25:46,DELIVERED,WEST
ORD01447,CUST0733,2026-03-07 03:47:45,DELIVERED,CENTRAL
ORD01448,CUST0411,2024-03-30 20:42:51,SHIPPED,SOUTH
ORD01449,CUST0463,2025-11-25 00:37:21,DELIVERED,EAST
ORD01450,CUST0436,2025-12-15 21:20:09,DELIVERED,EAST
ORD01451,CUST0261,2026-05-05 06:03:55,PLACED,NORTH
ORD01452,CUST0303,2025-11-21 12:21:33,DELIVERED,SOUTH
ORD01453,,2024-03-04 21:55:09,DELIVERED,CENTRAL
ORD01454,CUST0345,2026-03-29 11:33:42,DELIVERED,WEST
ORD01455,CUST0419,2026-03-16 17:27:34,CANCELLED,EAST
ORD01456,CUST0280,2025-07-26 23:54:38,PLACED,WEST
ORD01457,CUST0240,2025-09-27 03:48:11,DELIVERED,EAST
ORD01458,CUST0085,2025-04-02 12:25:12,CANCELLED,CENTRAL
ORD01459,CUST0560,2026-04-24 23:38:48,PLACED,EAST
ORD01460,CUST0234,2025-07-19 10:28:43,SHIPPED,EAST
ORD01461,CUST0040,2026-04-12 01:19:54,SHIPPED,SOUTH
ORD01462,,2025-06-17 17:30:09,DELIVERED,EAST
ORD01463,CUST0196,2024-08-10 03:59:03,RETURNED,CENTRAL
ORD01464,CUST0268,25-12-2025,DELIVERED,EAST
ORD01465,CUST0355,2026-04-27 19:47:33,RETURNED,CENTRAL
ORD01466,CUST0776,2026-04-27 11:55:04,PLACED,CENTRAL
ORD01467,CUST0780,2025-08-23 23:24:03,CANCELLED,SOUTH
ORD01468,CUST0233,01-11-2025,DELIVERED,CENTRAL
ORD01469,CUST0602,2026-04-08 05:29:41,DELIVERED,WEST
ORD01470,CUST0349,2025-01-03 16:50:31,DELIVERED,SOUTH
ORD01471,CUST0440,2026-05-17 05:07:59,SHIPPED,WEST
ORD01472,CUST0572,2025-11-26 16:35:25,DELIVERED,CENTRAL
ORD01473,CUST0132,2025-03-16 08:16:25,RETURNED,NORTH
ORD01474,CUST0512,2026-01-08 11:23:13,DELIVERED,WEST
ORD01475,CUST0436,2026-01-05 07:20:16,DELIVERED,CENTRAL
ORD01476,CUST0307,2026-01-23 06:33:45,DELIVERED,CENTRAL
ORD01477,CUST0033,2024-08-04 03:19:08,SHIPPED,EAST
ORD01478,CUST0582,2026-06-10 11:44:59,CANCELLED,WEST
ORD01479,CUST0210,2025-05-30 09:59:08,PLACED,WEST
ORD01480,,2026-01-07 12:59:38,SHIPPED,CENTRAL
ORD01481,CUST0463,2026-05-01 03:56:32,CANCELLED,NORTH
ORD01482,CUST0176,2025-09-14 12:16:09,DELIVERED,SOUTH
ORD01483,CUST0033,2026-01-29 00:49:30,PLACED,SOUTH
ORD01484,CUST0072,2025-10-28 11:10:31,DELIVERED,SOUTH
ORD01485,CUST0299,2026-03-25 14:53:19,PLACED,NORTH
ORD01486,CUST0378,2026-01-16 18:07:52,PLACED,EAST
ORD01487,CUST0421,2025-10-15 13:27:41,SHIPPED,NORTH
ORD01488,,2026-06-06 08:06:16,DELIVERED,NORTH
ORD01489,CUST0399,2024-11-16 18:07:15,SHIPPED,SOUTH
ORD01490,CUST0318,2026-04-05 20:24:08,CANCELLED,WEST
ORD01491,CUST0163,2026-02-10 21:57:35,DELIVERED,EAST
ORD01492,CUST0602,2025-07-10 15:41:16,DELIVERED,WEST
ORD01493,CUST0283,2024-11-04 16:00:41,PLACED,SOUTH
ORD01494,CUST0457,2024-09-20 16:29:16,CANCELLED,CENTRAL
ORD01495,CUST0253,2026-03-27 21:21:05,DELIVERED,CENTRAL
ORD01496,CUST0503,2026-03-01 10:50:05,DELIVERED,NORTH
ORD01497,CUST0755,2024-10-29 18:16:37,DELIVERED,WEST
ORD01498,CUST0356,2025-04-07 01:41:32,DELIVERED,SOUTH
ORD01499,CUST0426,2025-01-22 00:25:09,SHIPPED,CENTRAL
ORD01500,CUST0751,2025-11-02 04:59:01,DELIVERED,SOUTH
ORD01158,CUST0766,2026-04-08 00:57:46,RETURNED,EAST
ORD00922,CUST0509,2024-09-03 18:58:28,CANCELLED,CENTRAL
ORD00008,CUST0422,2026-05-05 11:09:41,DELIVERED,NORTH
ORD00551,CUST0159,2024-05-26 11:16:44,PLACED,EAST
ORD01179,CUST0660,2025-03-15 13:17:24,DELIVERED,NORTH
ORD01326,CUST0504,2024-02-06 03:19:00,DELIVERED,SOUTH
ORD00405,CUST0694,2026-04-27 07:26:05,SHIPPED,EAST
ORD00977,CUST0711,2026-06-09 18:55:47,SHIPPED,CENTRAL
ORD01200,CUST0111,2026-01-10 15:14:07,DELIVERED,NORTH
ORD00698,CUST0455,2026-02-25 00:50:58,PLACED,WEST
ORD01036,CUST0237,2024-07-28 02:33:51,PLACED,NORTH
ORD00331,,2026-05-31 02:26:09,DELIVERED,EAST
ORD01216,CUST0028,2025-09-28 12:19:12,DELIVERED,SOUTH
ORD00212,CUST0212,2026-05-05 02:38:18,DELIVERED,EAST
ORD00704,,2024-01-07 09:13:37,DELIVERED,NORTH
